poenta.co.il admin@poenta.co.il 
portalgsti.com.br 76contato@portalgsti.com.br contato@portalgsti.com.br x3econtato@portalgsti.com.br 
portaltailandia.com contato@portaltailandia.com 
portat.ru admin@portat.ru 
portcalls.com info@portcalls.com 
poskod.com admin@poskod.com 
postalmag.com contact@postalmag.com 
postawnaswoim.pl kontakt@postawnaswoim.pl 
posvetu.si admin@posvetu.si info@posvetu.si 
powerofpositivity.com info@powerofpositivity.com 
powiatsuski24.pl kontakt@powiatsuski24.pl 
poziadavka.sk info@poziadavka.sk webmaster@poziadavka.sk 
printfriendly.com support@printfriendly.com 
prj-exp.ru admin@prj-exp.ru 
prodajapasa.com marketing@prodajapasa.com office@prodajapasa.com 
proinos-typos.gr info@proinos-typos.gr 
projecttimes.com editor@projecttimes.com info@projecttimes.com support@projecttimes.com 
promotionmaroc.com abuse@promotionmaroc.com admin@promotionmaroc.com info@promotionmaroc.com sales@promotionmaroc.com webmaster@promotionmaroc.com 
propertyadsja.com admin@propertyadsja.com 
protoolsproduction.com admin@protoolsproduction.com 
proyectosnicaragua.com info@proyectosnicaragua.com 
publiboda.com comercial@publiboda.com informacion@publiboda.com sales@publiboda.com 
puertas-euro-block.com info@puertas-euro-block.com 
qataronlinedirectory.com info@qataronlinedirectory.com 
quantri.vn info@quantri.vn youremail@quantri.vn 
quoifaireenfamille.com info@quoifaireenfamille.com 
radioparty.ru admin@radioparty.ru 
rakuya.com.tw contact@rakuya.com.tw 
ramalan-bintang.com contact@ramalan-bintang.com 
rascenki.com.ua admin@rascenki.com.ua 
realhit.cz helpdesk@realhit.cz info@realhit.cz obchod@realhit.cz 
recyclingcenters.org admin@recyclingcenters.org 
redproteger.com.ar webmaster@redproteger.com.ar 
redvoznje.net office@redvoznje.net 
regexlab.com support@regexlab.com webmaster@regexlab.com 
regionplzen.cz info@regionplzen.cz 
rehberalem.com info@rehberalem.com 
rem-tv.net support@rem-tv.net 
removalreviews.co.uk info@removalreviews.co.uk 
rentdigs.com support@rentdigs.com 
repertuarim.com info@repertuarim.com 
replay.az admin@replay.az info@replay.az 
resheba.com admin@resheba.com 
resi.co.id info@resi.co.id 
restaurantengine.com info@restaurantengine.com support@restaurantengine.com 
retailserbia.com info@retailserbia.com 
reussirmesetudes.fr contact@reussirmesetudes.fr 
revistaseguridadminera.com marketing@revistaseguridadminera.com 
rionoteatro.com.br contato@rionoteatro.com.br newsletter@rionoteatro.com.br 
riverflot.ru info@riverflot.ru 
rizedeyiz.com iletisim@rizedeyiz.com info@rizedeyiz.com 
rmcafe.jp info@rmcafe.jp 
rmim.com.tw info@rmim.com.tw 
rostov-transport.info mail@rostov-transport.info 
ruhsalyasam.com info@ruhsalyasam.com 
rynekinwestycji.pl info@rynekinwestycji.pl 
s3bank.ru info@s3bank.ru 
saf.co.il admin@saf.co.il 
sagrepiemonte.it info@sagrepiemonte.it privacy@sagrepiemonte.it 
salamkorea.com admin@salamkorea.com info@salamkorea.com 
sammars.biz info@sammars.biz 
samplewords.com info@samplewords.com 
samstroy.com contact@samstroy.com info@samstroy.com 
samsungazetesi.com info@samsungazetesi.com 
sanpaolo.or.jp shop@sanpaolo.or.jp 
santechnik.org.ua webmaster@santechnik.org.ua 
saocaetanodigital.com.br contato@saocaetanodigital.com.br 
satv.tv info@satv.tv support@satv.tv 
scanurl.net support.privacypolicy@scanurl.net support389@scanurl.net support705@scanurl.net support826@scanurl.net 
schweizer-fn.de webmaster@schweizer-fn.de 
seacargotracking.net support@seacargotracking.net 
secondhand-catering-equipment.co.uk admin@secondhand-catering-equipment.co.uk 
seeklogo.net info@seeklogo.net 
sekernet.co.il admin@sekernet.co.il jobs@sekernet.co.il support@sekernet.co.il 
selectelement.ru mail@selectelement.ru 
semioffice.com info@semioffice.com semioffice.com@gmail.com support@semioffice.com 
sengoku-g.net info@sengoku-g.net 
sentiers-en-france.eu info@sentiers-en-france.eu 
shahar.uz info@shahar.uz 
shahedpress.com info@shahedpress.com 
sheger.net info@sheger.net 
shoninsha.co.jp info@shoninsha.co.jp 
siciliatv.org info@siciliatv.org webmaster@siciliatv.org 
sieveonline.it info@sieveonline.it 
simdunyasi.com info@simdunyasi.com 
sinritest.com info@sinritest.com 
sitecontabil.com.br atendimento3@sitecontabil.com.br contato@sitecontabil.com.br emaildocliente@sitecontabil.com.br financeiro@sitecontabil.com.br financeiro2@sitecontabil.com.br financeiro3@sitecontabil.com.br financeiro4@sitecontabil.com.br 
size.name info@size.name 
skyblock.net support@skyblock.net 
slideshare.vn info@slideshare.vn 
smallbizclub.com cservice@smallbizclub.com editor@smallbizclub.com mailoptout@smallbizclub.com 
smart-center.ru info@smart-center.ru 
smartinvestment.in info@smartinvestment.in 
snapito.com support@snapito.com 
sobremesa.es contacto@sobremesa.es 
socialetic.com info@socialetic.com 
sockshype.com info@sockshype.com 
solarey.net press@solarey.net 
solucionesespeciales.net info@solucionesespeciales.net 
sosconsumidor.com.br contato@sosconsumidor.com.br editores@sosconsumidor.com.br 
spaf-mega.ru support@spaf-mega.ru 
spanishchecker.com mail@spanishchecker.com 
spanishpropertyinsight.com info@spanishpropertyinsight.com 
sparkplug-crossreference.com info@sparkplug-crossreference.com sales@sparkplug-crossreference.com 
speedtest.cn ssupport@speedtest.cn support@speedtest.cn 
spmais.com.br contato@spmais.com.br 
srbobran.net admin@srbobran.net office@srbobran.net 
standby.dk sales@standby.dk 
startupbizhub.com info@startupbizhub.com 
staticstools.eu info@staticstools.eu 
stormersite.com info@stormersite.com 
strahovkunado.ru info@strahovkunado.ru mail@strahovkunado.ru 
stranger.se info@stranger.se 
strazacki.pl biuro@strazacki.pl sklep@strazacki.pl 
strengthlevel.com support@strengthlevel.com 
stroimdom.com.ua admin@stroimdom.com.ua contact@stroimdom.com.ua 
stroy-technics.ru admin@stroy-technics.ru 
stroysmeta.com.ua admin@stroysmeta.com.ua 
stzgd.de info@stzgd.de 
sulrevendas.com.br sulrevendas@sulrevendas.com.br 
sumai-dendo.jp info@sumai-dendo.jp 
supernamai.lt admin@supernamai.lt info@supernamai.lt 
superyachtfan.com info@superyachtfan.com 
sustainablesources.com mailman@sustainablesources.com 
svarka-master.ru info@svarka-master.ru 


szroty.pl info@szroty.pl 
szuperinfo.hu kszinfo@szuperinfo.hu szabolcsinfo@szuperinfo.hu szuperinfo@szuperinfo.hu 
talkingtrendo.com contactus@talkingtrendo.com customercare@talkingtrendo.com 
taxi-rechner.de contact@taxi-rechner.de info@taxi-rechner.de kontakt@taxi-rechner.de 
tebernuskirecci.com.tr info@tebernuskirecci.com.tr 
techarena.co.ke info@techarena.co.ke 
techkhoji.com contact@techkhoji.com 
techmario.com info@techmario.com 
techmoran.com editor@techmoran.com info@techmoran.com sales@techmoran.com 
technologie-budowlane.com info@technologie-budowlane.com 
teedin108.com contact@teedin108.com 
tehne.com info@tehne.com 
tekstovipesama.net kontakt@tekstovipesama.net 
telemia.it amministrazione@telemia.it commerciale@telemia.it info@telemia.it staff@telemia.it 
telepesquisa.com comercial@telepesquisa.com 
textfx.co contact@textfx.co 
textiletoday.com.bd contact@textiletoday.com.bd info@textiletoday.com.bd 
the-saudi.net kg-inforeq@the-saudi.net saudi-business-center@the-saudi.net webmaster@the-saudi.net 
thebrandingjournal.com contact@thebrandingjournal.com 
thebrazilbusiness.com info@thebrazilbusiness.com 
theengineeringprojects.com help@theengineeringprojects.com info@theengineeringprojects.com support@theengineeringprojects.com 
thefurnaceoutlet.com contact@thefurnaceoutlet.com help@thefurnaceoutlet.com info@thefurnaceoutlet.com 
theins.ru editor@theins.ru 
thejapanguy.com support@thejapanguy.com 
theplanetstoday.com info@theplanetstoday.com 
thinkglink.com info@thinkglink.com questions@thinkglink.com 
tide736.net webmaster@tide736.net 
tinboats.net admin@tinboats.net 
tiny-houses.de info@tiny-houses.de 
tiropratico.com info@tiropratico.com staff@tiropratico.com webmaster@tiropratico.com 
tiznit24.com contact@tiznit24.com 
todaysplans.com info@todaysplans.com 
tokumoni.jp shop@tokumoni.jp 
tonga-soa.com contact@tonga-soa.com webmaster@tonga-soa.com 
tooli.co.kr admin@tooli.co.kr 
topcom.lt info@topcom.lt 
tospitakimou.gr info@tospitakimou.gr 
toutpourchanger.com contact@toutpourchanger.com 
townpost.ca contact@townpost.ca 
toxrima.gr info@toxrima.gr 
transitocordoba.com info@transitocordoba.com 
transportguru.in info@transportguru.in 
troymedia.com editorial@troymedia.com mediarelease@troymedia.com troymedia@troymedia.com 
tugatech.com.pt contacto@tugatech.com.pt host+jobs@tugatech.com.pt 
tunagate.com support@tunagate.com 
tunisiesoir.com contact@tunisiesoir.com 
turizmhaberleri.com info@turizmhaberleri.com 
turkchem.net sales@turkchem.net 
tusciafisco.it info@tusciafisco.it 
tutallerdebricolaje.com contacto@tutallerdebricolaje.com 
tuttostranieri.org info@tuttostranieri.org 
ugyved.net info@ugyved.net 
universimmo.com webmaster@universimmo.com 
upodn.com admin@upodn.com 
urbanhome.ch info@urbanhome.ch 
usroasterie.com sales@usroasterie.com 
utibeetim.com info@utibeetim.com 
v-front.de info@v-front.de 
v-ys.com info@v-ys.com 
vagasempregosrn.com.br contato@vagasempregosrn.com.br 
vagasfloripa.com.br contato@vagasfloripa.com.br 
vagasurgentes.net contato@vagasurgentes.net 
valeur.com info@valeur.com 
vallalkozas-okosan.hu info@vallalkozas-okosan.hu 
vash-remontik.ru admin@vash-remontik.ru 
vcsdata.com billing@vcsdata.com mailresume@vcsdata.com sales@vcsdata.com 
verangola.net info@verangola.net 
vestniktm.com contact@vestniktm.com 
viajaenmetro.com.mx info@viajaenmetro.com.mx informes@viajaenmetro.com.mx 
viciodemenina.com.br contato@viciodemenina.com.br 
vindale.com abuse@vindale.com advertisers@vindale.com bizdev@vindale.com privacy@vindale.com support@vindale.com 
virtualrailfan.com sales@virtualrailfan.com support@virtualrailfan.com 
visavis.com.ar info@visavis.com.ar 
visualset.com.br atendimento@visualset.com.br contato@visualset.com.br suporte@visualset.com.br suporters@visualset.com.br 
visurnet.com info@visurnet.com 
vivre-en-thailande.com contact@vivre-en-thailande.com 


vobium.com career@vobium.com info@vobium.com 
vollmacht-muster.de info@vollmacht-muster.de 
voprosnik.ru 20info@voprosnik.ru info@voprosnik.ru 
vorfaelligkeitsentschaedigung.net kontakt@vorfaelligkeitsentschaedigung.net 
vremyanamaza.ru info@vremyanamaza.ru 
vukovisadunava.com admin@vukovisadunava.com 
web-town.org admin@web-town.org 
webcalc.com.br info@webcalc.com.br 
websites.ca jobs@websites.ca support@websites.ca 
weegy.com contact@interlacedsystems.com contact@weegy.com 
whofish.org editor@whofish.org eventstaff@whofish.org info@whofish.org inquiries@whofish.org support@whofish.org webmaster@whofish.org 
wikileaks-kr.org myemail@wikileaks-kr.org webmaster@wikileaks-kr.org 
windada.com service@windada.com 
wirtschaftsforum.de info@wirtschaftsforum.de jobs@wirtschaftsforum.de media@wirtschaftsforum.de redaktion@wirtschaftsforum.de 
wochenblatt.es info@wochenblatt.es 
wordlesstech.com contact@wordlesstech.com 
workingpinoy.com admin@workingpinoy.com 
worldportsource.com sales@worldportsource.com 
yapotrebitel.ru shop@yapotrebitel.ru 
yardsalesearch.com mailer@yardsalesearch.com support@yardsalesearch.com 
yasabe.com customersupport@yasabe.com info@yasabe.com jobs@yasabe.com sales@yasabe.com support@yasabe.com 
yeniprojeler.com bilgi@yeniprojeler.com 
yobiko-hikaku.net info@yobiko-hikaku.net 
youchien.net info@youchien.net 
youfeed.it info@youfeed.it 
yourstoryclub.com admin@yourstoryclub.com 
zart.jp info@zart.jp 
zeamerica.com.br contato@zeamerica.com.br 
zidaho.com office@zidaho.com staff@zidaho.com 
znanje.org kontakt@znanje.org 
zoldujsag.hu info@zoldujsag.hu 
zolltarifnummern.de info@zolltarifnummern.de 
zoomingjapan.com admin@zoomingjapan.com 
zvooq.com 20support@zvooq.com fon-andr-help@zvooq.com fon-ios-help@zvooq.com helpme@zvooq.com support@zvooq.com zvq-andr-help@zvooq.com zvq-ios-help@zvooq.com 
zvukov.com admin@zvukov.com 
a4academics.com info@a4academics.com mail@a4academics.com 
abiturient.by info@abiturient.by support@abiturient.by 
academicinfo.net support@academicinfo.net 
admission.pk info@admission.pk 
aiaonline.org accounting@aiaonline.org 
akademiawitalnosci.pl kontakt@akademiawitalnosci.pl 
akyla.net info@akyla.net 
alfatyping.com webmaster@alfatyping.com 
almancax.com info@almancax.com verilmektedir.info@almancax.com 
altenpflegeschueler.de webmaster@altenpflegeschueler.de 
altritaliani.net contact.italy_co@altritaliani.net presse.italy_co@altritaliani.net 
alwadifa-maroc.com contact@alwadifa-maroc.com 
anakui.com admin@anakui.com 
antigtu.ru admin@antigtu.ru 
apostaseis.gr contact@apostaseis.gr 
apostilando.com apostilando@apostilando.com informativo@apostilando.com suporte@apostilando.com webmaster@apostilando.com 
apprendrefacile.com postmaster@apprendrefacile.com 
archchinese.com membership@archchinese.com support@archchinese.com 
armystudyguide.com webmaster@armystudyguide.com 
asktheheadhunter.com mail@asktheheadhunter.com 
ateneapoli.it info@ateneapoli.it marketing@ateneapoli.it segreteria@ateneapoli.it 
aulaformativa.com soporte@aulaformativa.com 
autoskola-testy.cz info@autoskola-testy.cz 
bachillere.com info@bachillere.com 
backinjob.de info@backinjob.de 
bauruempregos.com.br contato@bauruempregos.com.br 
bdjobs.com.bd info@bdjobs.com.bd 
beasiswapascasarjana.com contact@beasiswapascasarjana.com 
bilgibirikimi.net info@bilgibirikimi.net 
bilgitoplulugu.org info@bilgitoplulugu.org 
borussiadortmund.net.br staff@borussiadortmund.net.br 
bubble-jobs.co.uk accounts@bubble-jobs.co.uk admin@bubble-jobs.co.uk info@bubble-jobs.co.uk 
campus-web.jp info@campus-web.jp nest-support@campus-web.jp 
capcampus.com contact@capcampus.com 
careerpointkenya.co.ke jobs@careerpointkenya.co.ke 
careerprofiles.info info@careerprofiles.info 
careers.org privacy@careers.org support@careers.org 
carrerasytrabajos.com.ar informacion@carrerasytrabajos.com.ar 
caykaragazetesi.com iletisim@caykaragazetesi.com info@caykaragazetesi.com 
chinese-word.com info@chinese-word.com 
cicicee.com asistan.editor@cicicee.com bebek.editor@cicicee.com editor@cicicee.com iletisim@cicicee.com kurumsal.iletisim@cicicee.com 
cienciamatematica.com consultas@cienciamatematica.com 
civilgeeks.com contacto@civilgeeks.com 
classfinder.org.uk info@classfinder.org.uk 
clic-formation.net info@clic-formation.net 
college.ru info@college.ru support@college.ru webmaster@college.ru 
collegecalc.org contact@collegecalc.org 
colombiamania.com webmaster@colombiamania.com 
colorear.net webmaster@colorear.net 
cours-univ.fr contact@cours-univ.fr 
coursenet.lk info@coursenet.lk 
courses.com.ph contact@courses.com.ph 
crewmarket.net info@crewmarket.net 
csharpstudy.com admin@csharpstudy.com 
currentnursing.com editor@currentnursing.com 
d3d.jp info@d3d.jp 
dafatir.net admin@dafatir.net 
daqu.sch.id info@daqu.sch.id 
dattilocorso.com info@dattilocorso.com 
dechica.com shop@dechica.com 
deniztopu.com info@deniztopu.com 
devenez-fonctionnaire.fr webmasters@devenez-fonctionnaire.fr 
devenir-assistante-maternelle.fr contact@devenir-assistante-maternelle.fr 
didactic.ro contact@didactic.ro info@didactic.ro master@didactic.ro newsletter@didactic.ro webmaster@didactic.ro 
dineshbakshi.com contact@dineshbakshi.com 
diycollegerankings.com contact@diycollegerankings.com 
dogalgazprojesi.com info@dogalgazprojesi.com 
domreptotal.com office@domreptotal.com 
duda.dk info@duda.dk 
duplichecker.com support@duplichecker.com 
earnparttimejobs.com admin@earnparttimejobs.com support@earnparttimejobs.com 
easd-design.com info@easd-design.com 
eclecticenglish.com webmaster@eclecticenglish.com 
edjoin.org info@edjoin.org 
educh.ch contact@educh.ch 
eduinreview.com help@eduinreview.com 
edumarket.ru sales@edumarket.ru 
eetlijst.nl info@eetlijst.nl 
egitimajansi.com editor@egitimajansi.com info@egitimajansi.com 
eleman.net bilgi@eleman.net 
elenet.net info@elenet.net 
ementor.hu info@ementor.hu 
employethiopia.com privacy@employethiopia.com 
empregasaojosecampos.com contato@empregasaojosecampos.com 
empregosrj.com contato@empregosrj.com 
english-magazine.org admin@english-magazine.org 
english-source.ru admin@english-source.ru 
english-the-easy-way.com webmaster@english-the-easy-way.com 
englishcurrent.com contact@englishcurrent.com 
englishelp.ru admin@englishelp.ru advertising@englishelp.ru 
englishintaiwan.com sales@englishintaiwan.com support@englishintaiwan.com webmaster@englishintaiwan.com 
englishspectrum.com info@englishspectrum.com 
entranceuniversity.com admin@entranceuniversity.com support@entranceuniversity.com 
environmentjobs.com jobs@environmentjobs.com 
ermenihaber.am editor@ermenihaber.am info@ermenihaber.am webmaster@ermenihaber.am 
erzincanmedya.com info@erzincanmedya.com 
escol.as contato@escol.as 
escuelapararicos.net info@escuelapararicos.net 
essssay.com admin@essssay.com 
etenma.com admin@etenma.com 
eurojobs.com info@eurojobs.com privacy@eurojobs.com 
fciencias.com info@fciencias.com 
fdlm.org contact@fdlm.org 
federaljobs.net customerservice@federaljobs.net info@federaljobs.net sales@federaljobs.net 
federalretirement.net info@federalretirement.net infor@federalretirement.net sales@federalretirement.net service@federalretirement.net support@federalretirement.net 
fenogretmeniyiz.biz bilgi@fenogretmeniyiz.biz 
fernstudium-infos.de redaktion@fernstudium-infos.de 
findapostdoc.com info@findapostdoc.com 
fizik.net.tr admin@fizik.net.tr 
floridahsfootball.com advertising@floridahsfootball.com newsletter@floridahsfootball.com 
formula.co.ua support@formula.co.ua 
freelancejob.ru info@freelancejob.ru 
freemathhelp.com contact@freemathhelp.com 
freeonlineresearchpapers.com admin@freeonlineresearchpapers.com 
frenchspanishonline.com enquiry@frenchspanishonline.com x3eenquiry@frenchspanishonline.com 
freshershome.com info@freshershome.com webmaster@freshershome.com 
fulleos.com info@fulleos.com 
fxtec.info info@fxtec.info 
gdz.ru 2000-2016admin@gdz.ru 2000-2017admin@gdz.ru 2016admin@gdz.ru admin@gdz.ru 
gelegenheitsjobs.de info@gelegenheitsjobs.de 
gemiddeld-inkomen.nl mail@gemiddeld-inkomen.nl 
gilbo.ru finance@gilbo.ru finances@gilbo.ru support@gilbo.ru 
gildavenezia.it info@gildavenezia.it 
goodcharacter.com sales@livewiremedia.com 
goukaku-suppli.com info@goukaku-suppli.com 
gozambiajobs.com enquiries@gozambiajobs.com 
greekteachers.gr info@greekteachers.gr 
greguide.com support@greguide.com 
hbostart.nl info@hbostart.nl 
hirelebanese.com info@hirelebanese.com 
historichka.ru webmaster@historichka.ru 
hnaruak.com admin@hnaruak.com 
hr-bo.ru info@hr-bo.ru 
iaszoology.com webmaster@iaszoology.com 
ibrain.kz admin@ibrain.kz 
ideabroad.com info@ideabroad.com 
ieltsbuddy.com contact@ieltsbuddy.com 
ilm.com.pk admin@ilm.com.pk info@ilm.com.pk 
ilmusipil.com admin@ilmusipil.com 
ilustrados.com info@ilustrados.com 
indevjobs.org contact@indevjobs.org editor@indevjobs.org support@indevjobs.org 
indiajobvaccancies.com careers@indiajobvaccancies.com 
informatik-forum.at contact@informatik-forum.at 
ingenieriaquimica.net info@ingenieriaquimica.net 
inputyouth.co.uk admin@inputyouth.co.uk contact@inputyouth.co.uk mail@inputyouth.co.uk webmaster@inputyouth.co.uk 
integracaope.com.br contato@integracaope.com.br 
internqueen.com support@internqueen.com webmaster@internqueen.com 
internwise.co.uk help@internwise.co.uk 
iranynemetorszag.com info@iranynemetorszag.com 
isgfrm.com mail@isgfrm.com 
itjobs.pt itjobs@itjobs.pt 
jncasr.ac.in admin@jncasr.ac.in admissions@jncasr.ac.in aorecruit@jncasr.ac.in kousersummayya@jncasr.ac.in president@jncasr.ac.in trcjobs@jncasr.ac.in 
job-applications.com info@job-applications.com 
job-maldives.com info@job-maldives.com webmaster@job-maldives.com 
jobcity.my admin@jobcity.my 
jobinrwanda.com info@jobinrwanda.com jobsinrwanda@gmail.com 
jobkoreausa.com help@jobkoreausa.com support@jobkoreausa.com webmaster@jobkoreausa.com 
joblistnigeria.com admin@joblistnigeria.com jobs@joblistnigeria.com 
jobomas.com admin@jobomas.com comercial@jobomas.com info@jobomas.com soporte@jobomas.com support@jobomas.com 
jobplacements.com info@jobplacements.com 
jobrapid.ro contact@jobrapid.ro 
jobsindia.com cpcareers@jobsindia.com jobseeker@jobsindia.com resumeservices@jobsindia.com sales@jobsindia.com 
jobsinqatar.net info@jobsinqatar.net 
jobssection.com info@jobssection.com jobs@jobssection.com 
jobth.com sale@jobth.com support@jobth.com webmaster@jobth.com 
jobthaiweb.com info@jobthaiweb.com sale@jobthaiweb.com sales@jobthaiweb.com support@jobthaiweb.com webmaster@jobthaiweb.com 
journalismjobs.com contact@journalismjobs.com info@journalismjobs.com 
justjobsng.com info@justjobsng.com 
k8schoollessons.com info@k8schoollessons.com 
kalender.se info@kalender.se 
kazfin.info info@kazfin.info mailbox@kazfin.info 
kcse-online.info support@kcse-online.info 
kenhsinhvien.vn contact@kenhsinhvien.vn support@kenhsinhvien.vn 
kenyaplex.com webmaster@kenyaplex.com 
kenyayote.com info@kenyayote.com 
kichwa.net info@kichwa.net 
klasnaocinka.com.ua info@klasnaocinka.com.ua 
klikdoposla.com kontakt@klikdoposla.com 
knighthunter.com support@knighthunter.com 
kousotu.com mail@kousotu.com 
lachimie.net contact@lachimie.net 
lavoratorio.it info@lavoratorio.it laposta@lavoratorio.it 
learncafe.com contato@learncafe.com paypal@learncafe.com 
learnpracticalspanishonline.com feedback@learnpracticalspanishonline.com 
lenterakecil.com admin@lenterakecil.com 
lessonslearnedinlife.com info@lessonslearnedinlife.com 
leventyagmuroglu.com iletisim@leventyagmuroglu.com 
lezioneonline.com marketing@lezioneonline.com 
logistics.ru info@logistics.ru 
lokalo.de 20jobs@lokalo.de 20mediasales@lokalo.de jobs@lokalo.de marketing@lokalo.de redaktion@lokalo.de 
longua.org info@longua.org 
look4studies.com info@look4studies.com sales@look4studies.com 
ludoeducativo.com.br contatoludo@ludoeducativo.com.br 
maismonografia.com.br contato@maismonografia.com.br 
malipages.com commercial@malipages.com info@malipages.com webmaster@malipages.com 
maphilo.net contact@maphilo.net 
marugujarat.in admin@marugujarat.in help@marugujarat.in info@marugujarat.in 
masbadar.com marketing@masbadar.com 
mateinfo.ro office@mateinfo.ro 
math2me.com contact@math2me.com 
mathox.net contact@mathox.net 
mathvn.com admin@mathvn.com 
maturana6.pl kontakt@maturana6.pl 
mbostart.nl info@mbostart.nl 
mephist.ru webmaster@mephist.ru 
metodisty.ru admin@metodisty.ru support@metodisty.ru 
miniweb.com.br webmaster@miniweb.com.br 
moi-detsad.ru admin@moi-detsad.ru 
mojapraca.pl biuro@mojapraca.pl 
mscareergirl.com editor@mscareergirl.com info@mscareergirl.com 
mycbseguide.com help@mycbseguide.com support@mycbseguide.com 
myelesson.org contact@myelesson.org support@myelesson.org 
myschoolholidays.com contact@myschoolholidays.com 
mywbut.com admin@mywbut.com 
naturamediterraneo.com info@naturamediterraneo.com postmaster@naturamediterraneo.com 
net-empregos.com contacto@net-empregos.com suporte@net-empregos.com 
ngonngu.net admin@ngonngu.net 
nmn900.com info@nmn900.com 
norgesnettaviser.no post@norgesnettaviser.no 
novjob.ru support@novjob.ru 
obliczone.pl info@obliczone.pl 
ofwguide.com editor@ofwguide.com info@ofwguide.com 
ogretmenlersitesi.com iletisim@ogretmenlersitesi.com 
okulrehberlik.com admin@okulrehberlik.com 
onlinecorrection.com info@onlinecorrection.com 
organismes.org contact@organismes.org 
orientation-chabab.com contact@orientation-chabab.com 
papers.com.pk advertise@papers.com.pk 
pasaralaunacional.com contacto@pasaralaunacional.com 
pavonerisorse.it mediateca-subscribe@pavonerisorse.it 
pciconcursos.com.br contato@pciconcursos.com.br 
pedsovet.org shop@pedsovet.org 
pfarma.com.br 76contato@pfarma.com.br contato@pfarma.com.br x3econtato@pfarma.com.br 
pielegniarki.info.pl biuro@pielegniarki.info.pl sklep@pielegniarki.info.pl 
platinumgmat.com admin@platinumgmat.com 
portaportal.com info@portaportal.com webmaster@steveweb.com 
posgraduando.com contato@posgraduando.com 
postgraduateforum.com info@postgraduateforum.com support@postgraduateforum.com webmaster@postgraduateforum.com 
postyplenie.ru info@postyplenie.ru 
powertyping.com webmaster@powertyping.com 
praca-za-granica.pl admin@praca-za-granica.pl 
pracawolsztynie.com.pl biuro@pracawolsztynie.com.pl 
procurandoemprego.net contato@procurandoemprego.net 
professioneinsegnante.it legale@professioneinsegnante.it webmaster@professioneinsegnante.it 
psicopedagogia.com info@psicopedagogia.com webmaster@psicopedagogia.com 
ptu.ac.in contact.cd.@ptu.ac.in contact.cd@ptu.ac.in email-studentcentre@ptu.ac.in enquiryjob@ptu.ac.in info@ptu.ac.in mail.narula@ptu.ac.in mail@ptu.ac.in ptumail@ptu.ac.in recruitment@ptu.ac.in support.edv@ptu.ac.in 
rabotka.ru info@rabotka.ru 
ragcomercio.com contato@ragcomercio.com vendas@ragcomercio.com 
really-learn-english.com admin_info@really-learn-english.com info@really-learn-english.com 
recursosculturales.com 76contacto@recursosculturales.com contacto@recursosculturales.com x3econtacto@recursosculturales.com 
relibrea.com info@relibrea.com 
reviewmaster.com support@reviewmaster.com 
revistaeducacionvirtual.com 76editor@revistaeducacionvirtual.com editor@revistaeducacionvirtual.com x3eeditor@revistaeducacionvirtual.com 
rhportal.com.br contato@rhportal.com.br 
roditeljsrbija.com marketing@roditeljsrbija.com 
rumoaoita.com contatos@rumoaoita.com 
sabahjobs.com info@sabahjobs.com 
safakgazete.com info@safakgazete.com 
saisokuspi.com info@saisokuspi.com 
salary.sg editorial@salary.sg sales@salary.sg webmaster@salary.sg 
samsunsporluyuz.com editor@samsunsporluyuz.com iletisim@samsunsporluyuz.com 
sastudy.co.za editor@sastudy.co.za info@studentbrands.co.za 
scholarshipplanet.info info@scholarshipplanet.info 
scholarshipscanada.com editor@scholarshipscanada.com info@scholarshipscanada.com 
school-supply-list.com info@school-supply-list.com 
schoolguide.co.za contact@schoolguide.co.za 
schoolinglog.com info@schoolinglog.com 
seasonaljobs.co.nz admin@seasonaljobs.co.nz 
sencampus.com jobs@sencampus.com 
shakhty-media.ru mailbot@shakhty-media.ru 
siap-sekolah.com info@siap-sekolah.com 
sikumuna.co.il admins@sikumuna.co.il 
simplish.org info@simplish.org support@simplish.org 
simplyjobs.com info@simplyjobs.com support@simplyjobs.com 
sitededicas.com.br contato@sitededicas.com.br 
solvemymath.com webmasters@solvemymath.com 
somalijobs.net info@somalijobs.net 
sosyalsorumluluk.org info@sosyalsorumluluk.org 
spanish411.net webmaster@spanish411.net 
spravnykrok.cz info@spravnykrok.cz support@spravnykrok.cz 
spreekbeurten.info contact@spreekbeurten.info 
spssfree.com contacta@spssfree.com 
statisticbrain.com contact@statisticbrain.com 
studential.com advertise@studential.com can.advertise@studential.com info@studential.com studentialtech@studential.com tech@studential.com 
studiowac.pl studiowac@studiowac.pl 
studyboki3.com info@studyboki3.com 
studyguide.ru info@studyguide.ru 
studyincanada.com info@studyincanada.com 
studyinthailand.org admin@studyinthailand.org service@studyinthailand.org 
studzona.com info@studzona.com 
sumaiz.jp info@sumaiz.jp 
svitaci.com office@svitaci.com 
szukaj-lektora.pl kontakt@szukaj-lektora.pl 
tarbawiyat.net contact@tarbawiyat.net 
tawjihnet.net contact@tawjihnet.net 
teaching-english-in-japan.net admin@teaching-english-in-japan.net 
tecnolegis.com contato@tecnolegis.com 
tesisat.org bilgi@tesisat.org 
testsonline.ru admin@testsonline.ru support@testsonline.ru 
testsoposicionesgratis.com info@testsoposicionesgratis.com legal@testsoposicionesgratis.com 
thaiall.com webmaster@thaiall.com 
thenagain.info timemaster@thenagain.info 
thongtintuyensinh.vn admin@thongtintuyensinh.vn 
tingvoa.com admin@tingvoa.com 
tolab48.net admin@tolab48.net info@tolab48.net 
topusajobs.com marketing@topusajobs.com tech@topusajobs.com 
totalesl.com admin@totalesl.com 
toytheater.com info@toytheater.com 
trovilavoro.it infomo@trovilavoro.it privacy@trovilavoro.it 
tuftsdaily.com business@tuftsdaily.com multimedia@tuftsdaily.com 
turitalo.jp info@turitalo.jp 
turkceogretimi.com bilgi@turkceogretimi.com 
turkishnews.com membership@turkishnews.com paypal@turkishnews.com 
uchi.kz info@uchi.kz 
uniaffitti.it support@uniaffitti.it 
uniarea.com info@uniarea.com 
universando.com info@universando.com marketing@universando.com 
universidades.com.ar info@universidades.com.ar 
universidades.com.ec info@universidades.com.ec 
universityobserver.ie advertising@universityobserver.ie business@universityobserver.ie design@universityobserver.ie editor@universityobserver.ie info@universityobserver.ie onlineeditor@universityobserver.ie 
urduitacademy.com 76admin@urduitacademy.com admin@urduitacademy.com careeradvice@urduitacademy.com x3eadmin@urduitacademy.com 
usjr.edu.ph adminit@usjr.edu.ph basakdirector@usjr.edu.ph president@usjr.edu.ph techguys@usjr.edu.ph webdevteam@usjr.edu.ph 
vagaspoa.com.br editor@vagaspoa.com.br 
vikitap.com info@vikitap.com 
visidarbi.lv info@visidarbi.lv 
vocabulario.com.mx informacion@vocabulario.com.mx 
voiceofhazara.com info@voiceofhazara.com 
volgau.com webmaster@volgau.com 
w3schools.in contact@w3schools.in info@w3schools.in 
wirtschaft.com info@wirtschaft.com 
wisdomjobsgulf.com info@wisdomjobsgulf.com jobseekers@wisdomjobsgulf.com sales@wisdomjobsgulf.com support@wisdomjobsgulf.com 
wissenschaftliches-arbeiten.org info@wissenschaftliches-arbeiten.org 
wkuwanko.pl kontakt@wkuwanko.pl 
wos.org.pl biuro@wos.org.pl 
writejobs.info design@writejobs.info info@writejobs.info 
yemenhr.com jobs@yemenhr.com sales@yemenhr.com 
yenikonya.com.tr bilgi@yenikonya.com.tr yilmazbilgi@yenikonya.com.tr 
youniversitytv.com info@youniversitytv.com paypaltest@youniversitytv.com webmaster@youniversitytv.com 
yroky.net admin@yroky.net support@yroky.net 
yukseklisans.com.tr iletisim@yukseklisans.com.tr 
zaposlise.eu info@zaposlise.eu 
zawodowe.com biuro@zawodowe.com 
zeerk.com support@zeerk.com 
13hw.com info@13hw.com 
1kejian.com admin@1kejian.com 
24en.com admin@24en.com 
24ru.com info@24ru.com 
3lom4all.com admin@3lom4all.com info@3lom4all.com 
4icu.org privacy@4icu.org 
acionista.com.br suporte@acionista.com.br 
allbanks.kz admin@allbanks.kz info@allbanks.kz 
bankinfobd.com career@bankinfobd.com info@bankinfobd.com press@bankinfobd.com 
bolsanidad.es admin@bolsanidad.es 
boursematch.com contact@boursematch.com webmaster@boursematch.com 
calculator-ipoteki.ru admin@calculator-ipoteki.ru 
checkpancard.com info@checkpancard.com 
comparaencasa.com info@comparaencasa.com media@comparaencasa.com 
compareemcasa.com.br info@compareemcasa.com.br 
comparemyrates.ca info@comparemyrates.ca 
credit-et-banque.com contact@credit-et-banque.com 
dispofi.fr contact@dispofi.fr contactppe@dispofi.fr 
dsebd.org abuse@dsebd.org accounts@dsebd.org admin@dsebd.org app_support@dsebd.org dse-mobile-support@dsebd.org email@dsebd.org hostmaster@dsebd.org info@dsebd.org legal@dsebd.org postmaster@dsebd.org president@dsebd.org secretariat@dsebd.org security.dse@dsebd.org security@dsebd.org support@dsebd.org training@dsebd.org 
duniainvestasi.com admin@duniainvestasi.com webmaster@duniainvestasi.com 
esmartpaycheck.com support@esmartpaycheck.com 
eucty.cz info@eucty.cz 
financeweb.org webmaster@financeweb.org 
finansgundem.com bilgi@finansgundem.com iletisim@finansgundem.com 
finsmes.com info@finsmes.com 
foresignal.com info@foresignal.com 
forex-indicators.net info@forex-indicators.net 
forexabode.com contact@forexabode.com newsletter@forexabode.com tcontact@forexabode.com 
forexstrategiesresources.com info@forexstrategiesresources.com university-questions@live.it 
fortrader.org admin3@fortrader.org 
fullyinformed.com techsupport@fullyinformed.com webmaster@fullyinformed.com 
fx-arabia.com support@fx-arabia.com 
geld-welten.de newsletter@geld-welten.de 
goodcross.com info@goodcross.com privacy@goodcross.com 
goodfinancialcents.com advertising@goodfinancialcents.com contact@goodfinancialcents.com info@goodfinancialcents.com support@goodfinancialcents.com 
hestanto.web.id design@hestanto.web.id 
hkstockradar.com contact@hkstockradar.com 
iban.de contact@iban.de 
ibanknet.com info@ibanknet.com 
infobank.by editor@infobank.by info@infobank.by mail@infobank.by 
ingilizcebankasi.com info@ingilizcebankasi.com 
iotafinance.com contacts@iotafinance.com 
ipachart.com contact@ipachart.com 
kabarbisnis.com marketing@kabarbisnis.com 
kantory.pl admin@kantory.pl 
kichwas.com info@kichwas.com 
ksestocks.com admin@ksestocks.com 
kurs.kz info@kurs.kz 
laborsadeipiccoli.com info@laborsadeipiccoli.com 
malaysiastock.biz admin@malaysiastock.biz 
mastertraders.de info@mastertraders.de 
menafn.com haneen.saleh@menafn.com info@menafn.com support@menafn.com 
minhaseconomias.com.br contato@minhaseconomias.com.br 
moneyguideireland.com info@moneyguideireland.com 
niftylivecharts.com info@niftylivecharts.com 
oceanbank.ru help@oceanbank.ru info@oceanbank.ru 
optiontradingpedia.com admin@optiontradingpedia.com 
ournifty.com support@ournifty.com 
pagalojusto.org administracion@pagalojusto.org 
pinoymoneytalk.com admin@pinoymoneytalk.com 
proshareng.com business@proshareng.com contact@proshareng.com info@proshareng.com 
scholarshipdb.net info@scholarshipdb.net 
secinfo.com info@secinfo.com 
sharechat.co.nz editor@sharechat.co.nz info@sharechat.co.nz 
simulabolsa.com.br suporte@simulabolsa.com.br 
stockbangladesh.com admin@stockbangladesh.com career@stockbangladesh.com info@stockbangladesh.com mail@stockbangladesh.com training@stockbangladesh.com 
