canlidoviz.com info@canlidoviz.com 
carparts-online.de info@carparts-online.de 
casa.com.tr export@casa.com.tr info@casa.com.tr 
cedcommerce.com admin@cedcommerce.com marketing@cedcommerce.com sales@cedcommerce.com shopify@cedcommerce.com support@cedcommerce.com 
ceo.ca ceotech@ceo.ca info@ceo.ca jobs@ceo.ca 
championchipnorte.com administracion@championchipnorte.com comercial@championchipnorte.com info@championchipnorte.com soporte@championchipnorte.com 
chinalati.com info@chinalati.com 
cibsejournal.com editor@cibsejournal.com 
cignal.tv sales@cignal.tv visminsales@cignal.tv 
cita-previa.es contacto@cita-previa.es 
clickworker.com help@clickworker.com helpdesk@clickworker.com help-us@clickworker.com info@clickworker.com jobs-de@clickworker.com jobs-dk@clickworker.com jobs-es@clickworker.com jobs-jp@clickworker.com jobs-ru@clickworker.com jobs-sar@clickworker.com jobs-se@clickworker.com recruitment@clickworker.com 
clinique-veterinaire.fr contact@clinique-veterinaire.fr 
clipground.com info@clipground.com 
codfuel.com info@codfuel.com 
codiceiban.it info@codiceiban.it 
codigospostales.com webmaster@codigospostales.com 
codziennypoznan.pl biuro@codziennypoznan.pl kontakt24@codziennypoznan.pl marketing@codziennypoznan.pl sklep@codziennypoznan.pl 
competitionline.com info@competitionline.com newsletter@competitionline.com 
comporium.com community@comporium.com contactdomains@comporium.com contactmain@comporium.com ipadmin@comporium.com webdesign@comporium.com 
comunicadores.info contato@comunicadores.info 
consejosdetufarmaceutico.com info@consejosdetufarmaceutico.com 
coppercoins.com webmaster@coppercoins.com 
corenetglobal.org accounting@corenetglobal.org help@corenetglobal.org hrosales@corenetglobal.org marketing@corenetglobal.org media@corenetglobal.org membership@corenetglobal.org ukchapteradmin@corenetglobal.org webmaster@corenetglobal.org 
corporate-cases.com admin@corporate-cases.com 
corporatecomplianceinsights.com advertising@corporatecomplianceinsights.com editor@corporatecomplianceinsights.com jobs@corporatecomplianceinsights.com webmaster@corporatecomplianceinsights.com 
corporateofficeheadquarters.com contact@corporateofficeheadquarters.com 
corporationwiki.com editor@corporationwiki.com 
craftsman-book.com support@craftsman-book.com 
cratex.com sales@cratex.com 
crcontroleremoto.com.br contato@crcontroleremoto.com.br 
dalostuzep.hu info@dalostuzep.hu 
decksdirect.com 20sales@decksdirect.com 20support@decksdirect.com orders@decksdirect.com sales@decksdirect.com support@decksdirect.com 
denar.mk info@denar.mk marketing@denar.mk 
detochki-doma.ru admin@detochki-doma.ru 
dhakachamber.com accounts@dhakachamber.com info@dhakachamber.com president@dhakachamber.com rawshon.saleha@dhakachamber.com secretary.general@dhakachamber.com secretary@dhakachamber.com 
diamondcertified.org info@diamondcertified.org 
digima-japan.com info@digima-japan.com 
digitaprint.jp info@digitaprint.jp support@digitaprint.jp 
directsellingnews.com advertising@directsellingnews.com editor@directsellingnews.com info@directsellingnews.com support@directsellingnews.com 
domestiko.com contacto@domestiko.com info@domestiko.com 
dopoznania.pl biuro@dopoznania.pl info@dopoznania.pl sekretariat@dopoznania.pl 
dovizz.net iletisim@dovizz.net 
dtis.ru 20info@dtis.ru press@dtis.ru 
dts24.pl biuro@dts24.pl 
dub.de info@dub.de jobs@dub.de redaktion@dub.de sales@dub.de service@dub.de 
e-digital.com.mx soporte@e-digital.com.mx ventas@e-digital.com.mx 
e-mieszkanie.pl newsletter@e-mieszkanie.pl 
e-prepag.com.br businessdev@e-prepag.com.br suporte@e-prepag.com.br 
ec-create.jp info@ec-create.jp 
ecfibreglasssupplies.co.uk sales@ecfibreglasssupplies.co.uk tech@ecfibreglasssupplies.co.uk 
ecohabitation.com admin@ecohabitation.com consultants@ecohabitation.com info@ecohabitation.com media@ecohabitation.com 
ecoregional.com.br atendimento@ecoregional.com.br comercial@ecoregional.com.br vendas@ecoregional.com.br 
ecycle.com.br vendas@ecycle.com.br 
egger.com 600-10111info-sjo@egger.com 600-10443info-erp@egger.com bier-office@egger.com info.ch@egger.com info.fr@egger.com info.uk@egger.com info@egger.com info-benelux@egger.com info-bev@egger.com info-bg@egger.com info-bis@egger.com info-bri@egger.com info-cz@egger.com info-ebp@egger.com info-efp@egger.com info-erp@egger.com info-it@egger.com info-pl@egger.com info-rau@egger.com info-ro@egger.com info-rs@egger.com info-ru@egger.com info-sji@egger.com info-sjo@egger.com info-wis@egger.com info-woe@egger.com jobs.uk@egger.com productsupport@egger.com reception.shu@egger.com recruiting_at@egger.com 
eglobe-solutions.com admin@eglobe-solutions.com support@eglobe-solutions.com 
egyptianindustry.com info@egyptianindustry.com 
ekatalog.cz administrator@ekatalog.cz info@ekatalog.cz 
ekupon.ba info@ekupon.ba 
elementalmatter.info webmaster@elementalmatter.info 
elmayorportaldegerencia.com webmaster@elmayorportaldegerencia.com 
eltalleraudiovisual.com info@eltalleraudiovisual.com 
emlaktasondakika.com editor@emlaktasondakika.com 
empregospernambuco.com.br contato@empregospernambuco.com.br 
energie-experten.org info@energie-experten.org 
energie-fachberater.de info@energie-fachberater.de presse@energie-fachberater.de 
energiesparhaus.at info@energiesparhaus.at 
energy.volyn.ua question@energy.volyn.ua support@energy.volyn.ua 
energyvanguard.com evinfo@energyvanguard.com training@energyvanguard.com 
enggcyclopedia.com admin@enggcyclopedia.com 
engramm.su admin@engramm.su support@engramm.su 
enr.com postn@enr.com 
equapio.com kontakt@equapio.com 
espaans.nl info@espaans.nl privacy@espaans.nl 
espace-entreprises.com contact@espace-entreprises.com 
espanarusa.com administrativa@espanarusa.com info@espanarusa.com reservation@espanarusa.com soporte@espanarusa.com 
estatesales.org estatesales@estatesales.org press@estatesales.org support@estatesales.org 
estrategiamagazine.com info@estrategiamagazine.com 
etags.com privacy@etags.com support@etags.com 
etransport.pl admin@etransport.pl help@etransport.pl newsletter@etransport.pl 
event.ru editor@event.ru 
eventsromagna.com info@eventsromagna.com marketing@eventsromagna.com 
everychina.com buyerservice@everychina.com help@everychina.com service@everychina.com 
evk.com.ua legal@evk.com.ua office@evk.com.ua 
exacq.com info@exacq.com insidesales@exacq.com marketing@exacq.com orders@exacq.com support@exacq.com 
expotuboda.com.mx info@expotuboda.com.mx 
famiq.com.ar exports@famiq.com.ar info@famiq.com.ar soportetecnico@famiq.com.ar soporteweb@famiq.com.ar ventas@famiq.com.ar 
farmandplant.ie info@farmandplant.ie 
farmauctionguide.com sales@farmauctionguide.com 
farmbuy.com info@farmbuy.com 
farminguk.com shop@farminguk.com 
farmprogress.com circhelp@farmprogress.com info@farmprogress.com 
fazerumhomemcorreratras.com.br financeiro@fazerumhomemcorreratras.com.br 
fcfv.ru info@fcfv.ru 
ferret-plus.com info@ferret-plus.com 
findmyhome.at feedback@findmyhome.at office@findmyhome.at technik@findmyhome.at 
flitto.com contact@flitto.com help@flitto.com jobs@flitto.com sales@flitto.com 
flotauto.com contact@flotauto.com 
foerderland.de info@foerderland.de 
forexsignals.com support@forexsignals.com 
fortuna.ge contact@fortuna.ge 
fqmagazine.jp info@fqmagazine.jp 
franchiseindia.com advertise@franchiseindia.com career@franchiseindia.com careers@franchiseindia.com chairmanoffice@franchiseindia.com contact@franchiseindia.com editor@franchiseindia.com info@franchiseindia.com marketing@franchiseindia.com mediablr@franchiseindia.com retailservices@franchiseindia.com service@franchiseindia.com techsupport@franchiseindia.com workshop@franchiseindia.com 
frenys.com jobs@frenys.com legal@frenys.com socialmedia@frenys.com soporte@frenys.com suporte@frenys.com support@frenys.com 
ftoday.co.kr webmaster@ftoday.co.kr 
funeral.com support@funeral.com 
funeralhelper.org admin@funeralhelper.org 
futboltenerife.com contacto@futboltenerife.com 
gaonconnection.com information@gaonconnection.com 
garaanews.com contact@garaanews.com 
garage-sb.de info@garage-sb.de support@garage-sb.de 
gasfriocalor.com comercial@gasfriocalor.com pedidos@gasfriocalor.com 
gasztroapro.hu info@gasztroapro.hu office@gasztroapro.hu 
genealogiasdecolombia.co contactenos@genealogiasdecolombia.co 
gewerbesteuer.de info@gewerbesteuer.de 
goldenpages.ie info@goldenpages.ie webservices@goldenpages.ie 
grouper.mk contact@grouper.mk support@grouper.mk 
guiacores.com.ar administracion@guiacores.com.ar info@guiacores.com.ar 
guiataubate.com.br atendimento@guiataubate.com.br comercial@guiataubate.com.br info@guiataubate.com.br 
habitatmag.com jobs@habitatmag.com 
happiercamper.com finance@happiercamper.com info@happiercamper.com press@happiercamper.com sales@happiercamper.com support@happiercamper.com 
heavenaddress.com feedback@heavenaddress.com privacy@heavenaddress.com services@heavenaddress.com 
hemophilia.co.kr webmaster@hemophilia.co.kr 
higoodday.com admin@higoodday.com info@higoodday.com 
hitched.co.uk admin@hitched.co.uk customer.service@hitched.co.uk 
hoursmap.com info@hoursmap.com support@hoursmap.com 
houseplanshelper.com contact@houseplanshelper.com 
hungryhuman.co.uk info@hungryhuman.co.uk 
hunt.com info@hunt.com jobs@hunt.com support@hunt.com 
iahcsmm.org mailbox@iahcsmm.org membership@iahcsmm.org 
ibid4storage.com customer-service@ibid4storage.com info@ibid4storage.com 
idioms4you.com admin@idioms4you.com 
igssgt.org candy.isales@igssgt.org infolibreacceso@igssgt.org soporte@igssgt.org soportecte@igssgt.org soporteplanilla@igssgt.org 
ihunter.ru info@ihunter.ru 
immobilio.it info@immobilio.it 
infobus.pl biuro@infobus.pl 
infofree.com careers@infofree.com feedback@infofree.com help@infofree.com info@infofree.com infofreecs@infofree.com marketing@infofree.com sales@infofree.com 
informs.org careers@informs.org informs@informs.org pubtech@informs.org subdivision.services@informs.org 
inman.com careers@inman.com contentstudio@inman.com customerservice@inman.com editor@inman.com editorial@inman.com events@inman.com marketing@inman.com press@inman.com privacy@inman.com sales@inman.com tech@inman.com 
inorout.com feedback@inorout.com info@inorout.com 
insegreto.com info@insegreto.com 
insurify.com press@insurify.com tech-jobs@insurify.com 
interferencetechnology.com info@interferencetechnology.com 
interjeras.lt info@interjeras.lt 
iso-labo.com info@iso-labo.com 
it-business.de redaktion@it-business.de 
jaspravim.sk info@jaspravim.sk kontakt@jaspravim.sk 
jk.com.mk contact@jk.com.mk 
jnilbo.com webmaster@jnilbo.com 
jornalconexao.com.br comercial@jornalconexao.com.br contato@jornalconexao.com.br 
juxtapost.com mail@juxtapost.com 
kaminholz-wissen.de info@kaminholz-wissen.de 
kampanjveckan.se post@kampanjveckan.se 
kelsey.co.uk 4x4.adsales@kelsey.co.uk clubmanager@kelsey.co.uk cmfe.adsales@kelsey.co.uk cmv.info@kelsey.co.uk cpm.adsales@kelsey.co.uk ffa.adsales@kelsey.co.uk info@kelsey.co.uk jobs.events@kelsey.co.uk jobs@kelsey.co.uk jobsarchive@kelsey.co.uk jobsinterns@kelsey.co.uk jwm.questions@kelsey.co.uk paypal@kelsey.co.uk press@kelsey.co.uk prk.adsales@kelsey.co.uk reception@kelsey.co.uk se.adsales@kelsey.co.uk shipsmonthly.adsales@kelsey.co.uk support.coast@kelsey.co.uk tfh.adsales@kelsey.co.uk tm.adsales@kelsey.co.uk tri.radar.editor@kelsey.co.uk webmaster@kelsey.co.uk 
kleintools.com chinasales@kleintools.com customerservice@kleintools.com ebusiness@kleintools.com hisupport@kleintools.com marketing@kleintools.com recruiting061@kleintools.com sales@kleintools.com serviceonline@kleintools.com 
klfm967.co.uk admin@klfm967.co.uk studio@klfm967.co.uk 
kn.kz admin@kn.kz info@kn.kz marketing@kn.kz office@kn.kz 
knauf.fr info@knauf.fr support.technique@knauf.fr 
knowbe4.com feedback@knowbe4.com privacymanager@knowbe4.com sales@knowbe4.com support@knowbe4.com 
kobieceporady.pl kontakt@kobieceporady.pl 
kocaeliburada.com iletisim@kocaeliburada.com info@kocaeliburada.com 
kreszteszt.net info@kreszteszt.net 
kudaukupovinu.rs info@kudaukupovinu.rs 
kulturehub.com info@kulturehub.com support@kulturehub.com 
labcompare.com info@labcompare.com sales@labcompare.com 
lacasadiriposo.it info@lacasadiriposo.it 
lasertryk.dk filservice@lasertryk.dk info@lasertryk.dk kundeservice@lasertryk.dk webmaster@lasertryk.dk 
laufen.de alena.staffhorst@laufen.de info@laufen.de kontakt@laufen.de redaktion@laufen.de 
lavoripubblici.it amministrazione@lavoripubblici.it customercare@lavoripubblici.it editore@lavoripubblici.it help@lavoripubblici.it press@lavoripubblici.it webmaster@lavoripubblici.it 
le97.fr infos@le97.fr 
legourmett.cl ventas@legourmett.cl 
lernort-mint.de info@lernort-mint.de 
lesiteimmo.com info@lesiteimmo.com infos@lesiteimmo.com 
lesprom.com info@lesprom.com office@lesprom.com 
lideranca.com.br suporte@lideranca.com.br 
lignius.it info@lignius.it 
lisec.com dubai.service@lisec.com info@lisec.com info-deutschland@lisec.com info-pl@lisec.com office.cn@lisec.com sales.it@lisec.com sales.latinaamerica@lisec.com sales.latinoamerica@lisec.com sales.russia@lisec.com sales@lisec.com service.russia@lisec.com support.it@lisec.com support.ru@lisec.com support@lisec.com tbe.service@lisec.com 
lleida.com comercial@lleida.com infoclub@lleida.com webmaster@lleida.com 
localads.pk admin@localads.pk 
locamax.fr contact@locamax.fr 
locker-room.info admin@locker-room.info info@locker-room.info support@locker-room.info 
locobee.com info@locobee.com support@locobee.com 
locservice.fr contact@locservice.fr 
logisticmart.com info@logisticmart.com 
logoground.com support@logoground.com 
luis-goncalves.com info@luis-goncalves.com 
lullabellz.com admin@lullabellz.com info@lullabellz.com 
lyonplus.com info@lyonplus.com lypinfo@lyonplus.com 
lyson.com.pl sklep@lyson.com.pl sklepbielsko@lyson.com.pl 
m-messe.co.jp mts_info@m-messe.co.jp mts-info01@m-messe.co.jp 
machine.co.il info@machine.co.il 
magazinuldecase.ro contact@magazinuldecase.ro 
maklarhuset.se staffan.westerberg@maklarhuset.se support@maklarhuset.se 
manilatouch.com admin@manilatouch.com 
manitou.com comercial.mmes@manitou.com commercialeitalia.mci@manitou.com info.mde@manitou.com info.mpo@manitou.com info.mvo@manitou.com info@manitou.com recherche_mail_manitou@manitou.com support@manitou.com 
marijuana.com orders@marijuana.com 
marketingoops.com jobs@marketingoops.com 
marquisleisure.co.uk sales@marquisleisure.co.uk 
mastertools.nl info@mastertools.nl klantenservice@mastertools.nl 
mazer.com.br comercial_pr@mazer.com.br comercialrs@mazer.com.br marketing@mazer.com.br vendas@mazer.com.br 
mazzellacompanies.com careers@mazzellacompanies.com contact@mazzellacompanies.com mminissale@mazzellacompanies.com 
mercadillosemanal.com info@mercadillosemanal.com 
mercadonegro.pe contacto@mercadonegro.pe info@mercadonegro.pe 
mercer.com 20customer.service@mercer.com 26c.sales@mercer.com acpgroupins.service@mercer.com afa.service@mercer.com afsa.service@mercer.com asme.service@mercer.com australia.multimanager@mercer.com b_admin@mercer.com benefits_inquiry@mercer.com careers.sh@mercer.com china.tc.recruiting@mercer.com chrmscteamf@mercer.com client.services.europe@mercer.com client.services.la@mercer.com clientservice.japan@mercer.com cmacounty.insurance.service@mercer.com coa.insurance.service@mercer.com college.recruiting@mercer.com contact.australia@mercer.com contact.mercer@mercer.com contactus@mercer.com cpha.insurance.service@mercer.com cucustomer.service@mercer.com customer.service@mercer.com customerservice.service@mercer.com dsm.webteam.service@mercer.com gateway.service@mercer.com gcdbadmin@mercer.com gimdadmin@mercer.com global.service@mercer.com globalinsights.enquiries@mercer.com graphic.design@mercer.com gruppservice@mercer.com icsworkshop.japan@mercer.com idtheftsmart.service@mercer.com idtheftteam.service@mercer.com ieee.service@mercer.com info.de@mercer.com info.dk@mercer.com info.mercernet@mercer.com info.services@mercer.com info@mercer.com infos.libertes@mercer.com inquiry.hrbsasia@mercer.com insuranceinfo.service@mercer.com jfhservice@mercer.com jpmukpension.admin@mercer.com lawyerpl.service@mercer.com lh.admin@mercer.com marketing.de@mercer.com marketing.ireland@mercer.com marketing.nl@mercer.com marketing.reply@mercer.com mercer.pressoffice@mercer.com mercercontactus@mercer.com mercerfeedback@mercer.com mercermarketing@mercer.com moaa.service@mercer.com ngaus.service@mercer.com ngsadminteam@mercer.com ninfo.services@mercer.com nservices@mercer.com nycbar.insurance.service@mercer.com pensionsservice@mercer.com plsadmin.service@mercer.com plsales.service@mercer.com plsdsteam.service@mercer.com plsteam2.service@mercer.com plsvc.service@mercer.com post@mercer.com presse@mercer.com privacy.americas@mercer.com privacy.japan@mercer.com privacy@mercer.com privacyofficer.china@mercer.com privacyofficer.singapore@mercer.com realproeando.service@mercer.com retirementapplications.helpdesk@mercer.com roa.service@mercer.com saralee.mail@mercer.com service.clients@mercer.com serviceline.babcockpk@mercer.com social.security@mercer.com support.humancapital@mercer.com support.mercernet@mercer.com support.talentmanagement@mercer.com support@mercer.com thetrust.service@mercer.com ukrecruitment@mercer.com vbsteam4.service@mercer.com vcustomer.service@mercer.com wahit.admin@mercer.com wealthmanager@mercer.com webmaster@mercer.com youremailidmichael.burniston@mercer.com yquestions@mercer.com 
messen.de info@messen.de presse@messen.de 
metale.pl biuro@metale.pl 
metalgall.net admin@metalgall.net 
metro-magazine.com info@metro-magazine.com 
metropolita.hu info@metropolita.hu 
metroturizm.com.tr info@metroturizm.com.tr 
michurinsk.ru pcshop@michurinsk.ru support@michurinsk.ru 
mikeferry.com crdmailbox@mikeferry.com mfoevents@mikeferry.com 
mingluji.com webmaster@mingluji.com 
mining-journal.com sales@mining-journal.com webmaster@mining-journal.com 
miportalfinanciero.es info@miportalfinanciero.es 
mirdostupa.ru mail@mirdostupa.ru tech@mirdostupa.ru 
mjdma.org admin@mjdma.org exports@mjdma.org 
mobilehome.net contactus@mobilehome.net manager@mobilehome.net 
mochiie.com info@mochiie.com 
modenanails.pl sklep@modenanails.pl 
modrykonik.sk info@modrykonik.sk u003ezakaznici@modrykonik.sk zakaznici@modrykonik.sk zakaznik@modrykonik.sk 
mohegansunpocono.com groupsales@mohegansunpocono.com reservations@mohegansunpocono.com 
montpellier.aeroport.fr info.aeroport@montpellier.aeroport.fr info@montpellier.aeroport.fr u003ewebmaster@montpellier.aeroport.fr webmaster@montpellier.aeroport.fr 
morelianas.com contacto@morelianas.com ventas@morelianas.com 
motivation.se info@motivation.se 
motormouth.com.au advertising@motormouth.com.au contactus@motormouth.com.au feedback@motormouth.com.au media@motormouth.com.au privacy@motormouth.com.au sales@motormouth.com.au 
mx5italia.com info@mx5italia.com 
mycomlink.co.za info@mycomlink.co.za support@mycomlink.co.za 
myfave.com careers@myfave.com jobs@myfave.com marketing@myfave.com 
myproperty.ph info@myproperty.ph marketing@myproperty.ph sales@myproperty.ph support@myproperty.ph 
myzaker.com business@myzaker.com media@myzaker.com privacy@myzaker.com support@myzaker.com 
namesandnumbers.com 5star-support@namesandnumbers.com careers@namesandnumbers.com customerservice@namesandnumbers.com jobs@namesandnumbers.com mediacoop@namesandnumbers.com salesjobs@namesandnumbers.com 
nashdom.us mail@nashdom.us 
naturetech.co.il info@naturetech.co.il 
netkatalog.cz info@netkatalog.cz 
newtrade.com.br vinotech@newtrade.com.br 
njoftime.com marketing@njoftime.com 
nordiskafonster.se info@nordiskafonster.se 
norisanto.com admin@norisanto.com 
noticiasmultinivel.com info@noticiasmultinivel.com 
novoseloff.tv support@novoseloff.tv 
novotempo-rh.com.br comercial@novotempo-rh.com.br 
nuevosvecinos.com webmaster@nuevosvecinos.com 
nummerplade.net info@nummerplade.net presse@nummerplade.net 
nvar.com membership@nvar.com privacy@nvar.com realtorshop@nvar.com webmaster@nvar.com 
nystatemls.com abuse@nystatemls.com blogposts@nystatemls.com customerservice@nystatemls.com info@nystatemls.com 
oilandgas360.com info@oilandgas360.com 
okjapan.jp okjapan.info@okjapan.jp okjapan.mailmaga@okjapan.jp 
onlinedoctranslator.com info@onlinedoctranslator.com 
ornox.fr admin@ornox.fr contact@ornox.fr 
osp.pl kontakt@osp.pl 
outline.com contact@outline.com 
packworld.com editors@packworld.com info@packworld.com newmedia@packworld.com sales@packworld.com webmaster@packworld.com 
pakkesporing.no webmaster@pakkesporing.no 
panmacmillan.com.au webmaster@panmacmillan.com.au 
papertrell.com info@papertrell.com support@papertrell.com 
paratureforma.com contacto@paratureforma.com 
paymyfines.co.za help@paymyfines.co.za 
pharmindex.ru info@pharmindex.ru 
philippinecompanies.com info@philippinecompanies.com 
pic-inter.com pic-infos@pic-inter.com webmaster@pic-inter.com 
picomat.vn info@picomat.vn 
pixelstech.net admin@pixelstech.net info@pixelstech.net 
plasticsnews.com customerservice@plasticsnews.com editorial@plasticsnews.com webmaster@plasticsnews.com 
platy.cz info@platy.cz obchod@platy.cz 
platy.sk info@platy.sk obchod@platy.sk 
pmtips.net advertise@pmtips.net info@pmtips.net 
polisafety.gr info@polisafety.gr 
porterdavis.com.au enquiries@porterdavis.com.au info@porterdavis.com.au recruitment@porterdavis.com.au 
powerthesaurus.org privacy@powerthesaurus.org 
practiscore.com support@practiscore.com 
praktischarzt.de kontakt@praktischarzt.de 
prestigeproperty.co.uk sales@prestigeproperty.co.uk 
producttesting.uk.com info@producttesting.uk.com 
propertynews.com info@propertynews.com marketing@propertynews.com support@propertynews.com 
psc.cz info@psc.cz 
qello.com helpdesk@qello.com info@qello.com newsletter@qello.com press@qello.com 
r24.ua info@r24.ua 
rada.com.ua info@rada.com.ua 
railstream.net contactus@railstream.net 
ratsit.se info@ratsit.se kundservice@ratsit.se sales@ratsit.se 
realsuplementos.com.br atendimento@realsuplementos.com.br contato@realsuplementos.com.br financeiro@realsuplementos.com.br 
realvision.com membership@realvision.com 
rectorseal.com customerservice@rectorseal.com info@rectorseal.com jobs@rectorseal.com marketing@rectorseal.com orders@rectorseal.com techservice@rectorseal.com 
remodelingexpense.com info@remodelingexpense.com 
rentalhousingdeals.com info@rentalhousingdeals.com 
reservaentradas.com info@reservaentradas.com soporte@reservaentradas.com 
retail.ru manager@retail.ru marketing@retail.ru pressa@retail.ru sales@retail.ru shop@retail.ru 
retailtouchpoints.com info@retailtouchpoints.com 
rew-online.com editor@rew-online.com 
rightpronunciation.com info@rightpronunciation.com 
rigips.de marketing-kommunikation@rigips.de presse@rigips.de technischer-service@rigips.de 
risiinfo.com advertising@risiinfo.com events@risiinfo.com 
rismedia.com abuse@rismedia.com acesupport@rismedia.com advertising@rismedia.com editorial@rismedia.com newsletter@rismedia.com 
rubbernews.com customerservice@rubbernews.com editorial@rubbernews.com webmaster@rubbernews.com 
russiansu.ru info@russiansu.ru 
rutasconhistoria.es info@rutasconhistoria.es 
rynek-kolejowy.pl kontakt@rynek-kolejowy.pl 
rynekinfrastruktury.pl kontakt@rynekinfrastruktury.pl 
sadecehaber.com bilgi@sadecehaber.com 
saitebi.net info@saitebi.net 
sakhalin.biz info@sakhalin.biz 
sampleletters.org contact@sampleletters.org 
samtrans.com cacsecretary@samtrans.com dbeinfo@samtrans.com expressbusstudy@samtrans.com samtransjobs@samtrans.com smcta_feedback@samtrans.com socialmedia@samtrans.com webmaster@samtrans.com 
sanstv.ru admin@sanstv.ru 
savingschampion.co.uk info@savingschampion.co.uk 
sdar.com accounting@sdar.com commercial@sdar.com editor@sdar.com events@sdar.com help@sdar.com helpdesk@sdar.com info@sdar.com jobs@sdar.com legal@sdar.com marketing@sdar.com membership@sdar.com sales@sdar.com webmaster@sdar.com 
seanews.ru editor@seanews.ru info@seanews.ru sales@seanews.ru 
secondamanina.it info@secondamanina.it 
seguridadenamerica.com.mx info@seguridadenamerica.com.mx telemarketing@seguridadenamerica.com.mx 
sehaonline.com editor@sehaonline.com info@sehaonline.com womenmaster@sehaonline.com 
selgros.de info@selgros.de 
sentv.co.kr postmaster@sentv.co.kr 
seoulistic.com contactus@seoulistic.com 
sg-zertifikate.de info@sg-zertifikate.de 
shanghaimetal.com sales@shanghaimetal.com 
sharehows.com info@sharehows.com 
simoncharles-auctioneers.co.uk enquiries@simoncharles-auctioneers.co.uk info@simoncharles-auctioneers.co.uk jobs@simoncharles-auctioneers.co.uk 
sirius-ltd.com.ua info@sirius-ltd.com.ua siteadmin@sirius-ltd.com.ua 
skoch.in administrator@skoch.in info@skoch.in 
skyrimcalculator.com contact@skyrimcalculator.com copyright@skyrimcalculator.com 
smackafact.com info@smackafact.com 
smallbusiness.co.uk freeemailo@smallbusiness.co.uk humanbusiness@smallbusiness.co.uk 
smallhd.com sales@smallhd.com support@smallhd.com 
sodalive.ba marketing@sodalive.ba 
solaranlage-ratgeber.de info@solaranlage-ratgeber.de 
solarhome.ru info@solarhome.ru info2@solarhome.ru order@solarhome.ru shop@solarhome.ru u003eshop@solarhome.ru webmaster@solarhome.ru 
solostocks.com.ar comercial@solostocks.com.ar info@solostocks.com.ar 
solostocks.ma commercial@solostocks.ma info@solostocks.ma 
solostocks.pl info@solostocks.pl 
solostocks.pt comercial@solostocks.pt info@solostocks.pt pedidos@solostocks.pt 
sonnen.de info@sonnen.de 
sonnenbatterie.de app-support@sonnenbatterie.de info@sonnenbatterie.de presse@sonnenbatterie.de 
soymimarca.com administracion@soymimarca.com 
soyuz-pisatelei.ru admin@soyuz-pisatelei.ru mail@soyuz-pisatelei.ru office@soyuz-pisatelei.ru 
sphere-light.com support@sphere-light.com 
srcbelgesi.co info@srcbelgesi.co 
srx.com.sg customerservice@srx.com.sg feedback@srx.com.sg info@srx.com.sg 
standartgost.ru info@standartgost.ru zakaz@standartgost.ru 
stickermule.com help@stickermule.com 
streamly.com info@streamly.com 
subpals.com admin@subpals.com 
sukcespisanyszminka.pl biuro@sukcespisanyszminka.pl sklep@sukcespisanyszminka.pl 
superstarcomponents.com contact@superstarcomponents.com 
surreylife.co.uk editor@surreylife.co.uk editorial@surreylife.co.uk feedback@surreylife.co.uk 
surveillance-video.com info@surveillance-video.com support@surveillance-video.com tech@surveillance-video.com 
svetloba.si info@svetloba.si 
tallerator.es 20info@tallerator.es info@tallerator.es 
tanpaifang.com master@tanpaifang.com 
tarikh.kz info@tarikh.kz 
tcz.pl abuse@tcz.pl admin@tcz.pl poczta_admin@tcz.pl 
techhq.com info@techhq.com 
tecnicaindustrial.es director@tecnicaindustrial.es sugerencias@tecnicaindustrial.es webmaster@tecnicaindustrial.es 
tecnicoagricola.es info@tecnicoagricola.es 
tecnoseguro.com admin@tecnoseguro.com comercial@tecnoseguro.com info@tecnoseguro.com 
telefonterror.no kontakt@telefonterror.no 
terralia.com info@terralia.com 
tesswhitehurst.com info@tesswhitehurst.com 
texttv.nu kontakt@texttv.nu 
thebig5.ae 20info@thebig5.ae info@thebig5.ae 
thedjhookup.com admin@thedjhookup.com sales@thedjhookup.com sales+pdjs@thedjhookup.com support@thedjhookup.com 
thehkhub.com contact@thehkhub.com 
theloop.com.au help@theloop.com.au info@theloop.com.au media@theloop.com.au privacy@theloop.com.au sales@theloop.com.au shop@theloop.com.au 
theplumbinginfo.com admin@theplumbinginfo.com 
thereal.com webmaster@thereal.com 
ticjob.es info@ticjob.es 
tinyhouselistings.com support@tinyhouselistings.com tosupport@tinyhouselistings.com 
tirebusiness.com customerservice@tirebusiness.com editorial@tirebusiness.com help@tirebusiness.com 
tistranslation.com admin@tistranslation.com 
tkj.jp store.info@tkj.jp vow-info@tkj.jp vow-master@tkj.jp 
tooba.pl biuro@tooba.pl info@tooba.pl 
toptenwholesale.com info@toptenwholesale.com sales@toptenwholesale.com 
toute-la-franchise.com info@toute-la-franchise.com sales@toute-la-franchise.com 
towerstimes.co.uk press@towerstimes.co.uk 
trade.sk help@trade.sk obchod@trade.sk 
transportesemrevista.com info@dicasepistas.pt info@transportesemrevista.com 
truckercountry.com support@truckercountry.com 
tucrucero.com info@tucrucero.com 
tvlux.be infographie@tvlux.be 
twowaymirrors.com sales@twowaymirrors.com 
unclaimedproperty.com hrsprosupport@unclaimedproperty.com 
unimedmaceio.com.br comercial@unimedmaceio.com.br 
uolala.com jobs@uolala.com 
uppladdning.nu info@uppladdning.nu 
upstreamonline.com accounts@upstreamonline.com advertise@upstreamonline.com editorial@upstreamonline.com sales@upstreamonline.com support@upstreamonline.com webmaster@upstreamonline.com 
veggieworld.de info@veggieworld.de 
vektorelcizim.net bilgi@vektorelcizim.net 
vid.lv info@vid.lv shop@vid.lv 
vimcojim.cz info@vimcojim.cz 
vinanalytics.com info@vinanalytics.com 
vinted.com feedback@vinted.com info@vinted.com legal@vinted.com press@vinted.com 
viplawyer.ru mail@viplawyer.ru 
visitplymouth.co.uk info@visitplymouth.co.uk 
visocym.com contacto@visocym.com info@visocym.com ventas@visocym.com ventass@visocym.com 
vitaincampagna.it segreteria@vitaincampagna.it web-office@vitaincampagna.it 
vivatumusica.com info@vivatumusica.com 
vloervoordeel.nl info@vloervoordeel.nl 
vmolo.by info@vmolo.by 
vregs.com info@vregs.com 
vzkg.ru info@vzkg.ru 
wald-prinz.de info@wald-prinz.de 
webtel.in contact@webtel.in 
welches-hdmi-kabel.de kontakt@welches-hdmi-kabel.de 
wgospodarce.pl admin@wgospodarce.pl 
whatsnewjakarta.com admin@whatsnewjakarta.com info@whatsnewjakarta.com manager@whatsnewjakarta.com 
whatsupdownunder.com.au admin@whatsupdownunder.com.au contact@whatsupdownunder.com.au 
wherethetradebuys.co.uk info@wherethetradebuys.co.uk sales@wherethetradebuys.co.uk 
win4d.com.my support@win4d.com.my 
wisselkoers.be info@wisselkoers.be 
woodypuddy.com info@woodypuddy.com shop@woodypuddy.com 
woonpleinlimburg.nl info@woonpleinlimburg.nl 
xumo.com domainadmin@specificmedia.com info@xumo.com press@xumo.com privacy@xumo.com 
yamobi.ru help@yamobi.ru 
yellowpages.co.za customercare@yellowpages.co.za datamanagement@yellowpages.co.za marketing@yellowpages.co.za sales@yellowpages.co.za webmaster@yellowpages.co.za 
yomifa.com y-shop@yomifa.com 
yourtour.com.ua info@yourtour.com.ua 
yuksekovahaber.com.tr editor@yuksekovahaber.com.tr iletisim@yuksekovahaber.com.tr 
zaim.com editor@zaim.com info@zaim.com sales@zaim.com support@zaim.com 
zanado.com support@zanado.com 
zebra-tv.ru mail@zebra-tv.ru 
zonetravaux.fr admin@zonetravaux.fr 
abuad.edu.ng info@abuad.edu.ng president@abuad.edu.ng technodev@abuad.edu.ng webadmin@abuad.edu.ng yourmail@abuad.edu.ng 
academichelp.net manager@academichelp.net support.analyze@academichelp.net 
academicinvest.com info@academicinvest.com 
accessmba.com accounts@accessmba.com contact@accessmba.com marketing@accessmba.com projectmanagers@accessmba.com recruitment@accessmba.com webmaster@accessmba.com 
accounting-basics-for-students.com contact@accounting-basics-for-students.com 
actividadesinfantil.com info@actividadesinfantil.com 
aden.org info@aden.org 
alfaisal.edu admissionsmen@alfaisal.edu admissionswomen@alfaisal.edu aprteam@alfaisal.edu auinfo@alfaisal.edu aujobs@alfaisal.edu bjobs@alfaisal.edu career@alfaisal.edu cjobs@alfaisal.edu dean.postion@alfaisal.edu finance@alfaisal.edu info@alfaisal.edu itjobs@alfaisal.edu itservices@alfaisal.edu itsupport@alfaisal.edu lalsaleh@alfaisal.edu mjobs@alfaisal.edu newjobs@alfaisal.edu plsworkshop@alfaisal.edu saleyadeh@alfaisal.edu toastmasters@alfaisal.edu 
allcruisejobs.com info@allcruisejobs.com 
allocreche.fr contact@allocreche.fr 
ameliepepin.com info@ameliepepin.com 
andrews.edu 20sba-info@andrews.edu aef-info@andrews.edu airinfo@andrews.edu apledirector@andrews.edu aupress@andrews.edu avia-info@andrews.edu bhsc-info@andrews.edu career@andrews.edu cas-info@andrews.edu cs-info@andrews.edu emailmelgar@andrews.edu engr-info@andrews.edu helpdesk@andrews.edu info@andrews.edu itssales@andrews.edu leadadmin@andrews.edu marketingjwl@andrews.edu medtech@andrews.edu presidentsearch@andrews.edu press@andrews.edu pt-info@andrews.edu ptpostpro@andrews.edu recruiter@andrews.edu recruiteradmin@andrews.edu rroot@andrews.edu sba-info@andrews.edu smeditor@andrews.edu sowkinfo@andrews.edu training@andrews.edu volunteer@andrews.edu webmaster@andrews.edu 
aprovadonovestibular.com contato@aprovadonovestibular.com 
arbeits-abc.de infos@arbeits-abc.de 
arbeitssicherheit.de info@arbeitssicherheit.de 
autoescuelagala.com info@autoescuelagala.com infocap@autoescuelagala.com 
aydinsari.com.tr admin@aydinsari.com.tr iadmin@aydinsari.com.tr info@aydinsari.com.tr 
bankersadda.com contact@bankersadda.com info@bankersadda.com 
barisalboard.gov.bd info@barisalboard.gov.bd 
bbau.ac.in admissions@bbau.ac.in admissions2015@bbau.ac.in admissions2016@bbau.ac.in info@bbau.ac.in 
bicsi.org admin@bicsi.org customerservice@bicsi.org press@bicsi.org sales@bicsi.org technical@bicsi.org 
biymed.com bilgi@biymed.com 
bravewriter.com help@bravewriter.com 
campusutra.com admin@campusutra.com editor@campusutra.com 
canaloposiciones.com info@canaloposiciones.com 
careeralerter.com mail@careeralerter.com 
careeralerts.com mail@careeralerts.com 
careeravenue.com mail@careeravenue.com 
careerbeacon.com feedback@careerbeacon.com sales@careerbeacon.com support@careerbeacon.com 
careerjoin.com admin@careerjoin.com 
careerslip.com info@careerslip.com 
cargadetrabalhos.net info@cargadetrabalhos.net mail@cargadetrabalhos.net 
ccsd59.org editors@ccsd59.org info@ccsd59.org saltcreekinfo@ccsd59.org webmaster@ccsd59.org 
centraldevacaciones.com info@centraldevacaciones.com 
ceu.es career.center@ceu.es ceumedia@ceu.es csmaillo@ceu.es design@ceu.es e-mail-seijas.fhm@ceu.es gerencia.madrid@ceu.es gerencia.universidad@ceu.es info.angelayala@ceu.es info.ceindo@ceu.es info.ceulanguages@ceu.es info.cjm.alicante@ceu.es info.csp.claudiocoello@ceu.es info.csp.monteprincipe@ceu.es info.csp.murcia@ceu.es info.csp.valencia@ceu.es info.en.uch@ceu.es info.en.usp@ceu.es info.humanidades@ceu.es info.maxisterio@ceu.es info.posgrado@ceu.es info.sanchinarro@ceu.es info.usp@ceu.es informa@ceu.es informacion.vigo@ceu.es international.office@ceu.es mailto.lopd@ceu.es marketing@ceu.es masterproyectos@ceu.es paloma.marketing@ceu.es secretaria.ceindo@ceu.es secretaria.internacional@ceu.es secretariaceuvn@ceu.es secretariacv@ceu.es soporte.sauce@ceu.es soporte@ceu.es webmaster@ceu.es 
coad.com.br comercial@coad.com.br marketing@coad.com.br 
computrabajo.com.ar info@computrabajo.com.ar 
cpjobs.com adinfo@cpjobs.com advertise@cpjobs.com info@cpjobs.com 
creativevillage.ne.jp info@creativevillage.ne.jp 
cvonline.hu info@cvonline.hu sales@cvonline.hu support@cvonline.hu 
danhtra.com info@danhtra.com 
demokratkocaeli.com iletisim@demokratkocaeli.com info@demokratkocaeli.com 
diyarbakirsoz.com info@diyarbakirsoz.com 
dosyabak.com bilgi@dosyabak.com 
dyslexic.com sales@dyslexic.com swsales@dyslexic.com 
e-xecutive.ru advertising@e-xecutive.ru delivery-support@e-xecutive.ru service@e-xecutive.ru support@e-xecutive.ru trainings@e-xecutive.ru 
eadic.com 2520info@eadic.com info@eadic.com 
educationindex.ru info@educationindex.ru 
edulix.com advertise@edulix.com info@edulix.com 
eduzones.com shopping@eduzones.com webmaster@eduzones.com 
egzaminzawodowy.info kontakt@egzaminzawodowy.info 
ekool.eu help@ekool.eu 
elimu.net info@elimu.net 
elwoodstaffing.com annie.post@elwoodstaffing.com info@elwoodstaffing.com itjobs@elwoodstaffing.com marketing@elwoodstaffing.com mobile.al@elwoodstaffing.com recruiting@elwoodstaffing.com vestasjobs@elwoodstaffing.com 
empregacampinas.com.br contato@empregacampinas.com.br 
essay.uk.com contact@essay.uk.com 
etea.edu.pk info@etea.edu.pk 
expressoemprego.pt suporte@expressoemprego.pt 
fizetesek.hu info@fizetesek.hu sale@fizetesek.hu 
flek.cz info@flek.cz 
foresttrailacademy.com service@foresttrailacademy.com 
forzearmate.org info@forzearmate.org webmaster@forzearmate.org 
galencollege.edu fl-helpdesk@galencollege.edu info@galencollege.edu ky-helpdesk@galencollege.edu oh-helpdesk@galencollege.edu onlineadmin@galencollege.edu support@galencollege.edu tx-helpdesk@galencollege.edu 
gmatclub.com abuse@gmatclub.com mail@gmatclub.com support@gmatclub.com 
grupocultivar.com.br contato@grupocultivar.com.br 
gter.net master@gter.net 
gustavus.edu admanager@gustavus.edu admissions@gustavus.edu bigconcertinfo@gustavus.edu career@gustavus.edu career-center@gustavus.edu concertinfo@gustavus.edu email@gustavus.edu emailmoodle@gustavus.edu eventservices@gustavus.edu gactvinfo@gustavus.edu health-service@gustavus.edu helpline@gustavus.edu information@gustavus.edu marketing@gustavus.edu mediaservices@gustavus.edu president@gustavus.edu press@gustavus.edu printservices@gustavus.edu salenuma@gustavus.edu sportsinfo@gustavus.edu tech1@gustavus.edu userservices@gustavus.edu wa-mail@gustavus.edu webmaster@gustavus.edu weekly-webmaster@gustavus.edu 
gyas.nl info@gyas.nl webmaster@gyas.nl 
healthdesk.it marketing@healthdesk.it 
hellochao.vn info@hellochao.vn 
herts.ac.uk admint@herts.ac.uk admissions@herts.ac.uk bs.admissions@herts.ac.uk business.school@herts.ac.uk business-academy@herts.ac.uk businessevent@herts.ac.uk c.cimtech@herts.ac.uk careerhub@herts.ac.uk careers@herts.ac.uk catsadmin@herts.ac.uk community@herts.ac.uk comthelp@herts.ac.uk cssfeedback@herts.ac.uk dehav.reception@herts.ac.uk directorciea@herts.ac.uk emailsponsored-student@herts.ac.uk events@herts.ac.uk finance-accomm@herts.ac.uk financial-support@herts.ac.uk helpdesk@herts.ac.uk housingservices@herts.ac.uk hrd-email@herts.ac.uk hsv.memberships@herts.ac.uk hsvbookingsteam@herts.ac.uk idoffice@herts.ac.uk jobs@herts.ac.uk lawadmissions@herts.ac.uk m.salem@herts.ac.uk main.reception@herts.ac.uk mainreception@herts.ac.uk marketingadmin@herts.ac.uk media@herts.ac.uk mediate@herts.ac.uk mediation@herts.ac.uk n.j.bishop@herts.ac.uk phyqinfo@herts.ac.uk physics-admissions@herts.ac.uk qualtrics-support@herts.ac.uk rdmteam@herts.ac.uk recruit@herts.ac.uk ro.enquiries@herts.ac.uk securitycontrol-cl@herts.ac.uk sports.reception@herts.ac.uk stri.admissions@herts.ac.uk student-finance@herts.ac.uk tudent-finance@herts.ac.uk uhartspress@herts.ac.uk uhonlinetech@herts.ac.uk uhpress@herts.ac.uk uhsu.president@herts.ac.uk websupport@herts.ac.uk 
hmu.edu.vn hpec_info@hmu.edu.vn support@hmu.edu.vn 
hotcourses.com accounts.temp@hotcourses.com apacteam@hotcourses.com beverly.post@hotcourses.com eduksales@hotcourses.com enquiries@hotcourses.com feedback@hotcourses.com hostmaster@connaught.net inquiries@hotcourses.com press@hotcourses.com privacy@hotcourses.com recruitment@hotcourses.com sales@hotcourses.com support.team@hotcourses.com support@hotcourses.com 
hotnigerianjobs.com jobsupdate@hotnigerianjobs.com 
ibgc.org.br informe@ibgc.org.br secretaria@ibgc.org.br 
iep.org.pe bpostgrado@iep.org.pe contacto@iep.org.pe postgrado@iep.org.pe postmaster@iep.org.pe secretaria@iep.org.pe soporte@iep.org.pe ventas@iep.org.pe 
indiaclass.com info@indiaclass.com 
iste.org advertise@iste.org advertising@iste.org careers@iste.org design@iste.org editor@iste.org info@iste.org ll_webmaster@iste.org mailinglists@iste.org media@iste.org memberservices@iste.org neccworkshops@iste.org pubadmin@iste.org 
jhsph.edu careers@jhsph.edu chipinfo@jhsph.edu ctlthelp@jhsph.edu deansoffice@jhsph.edu editor@jhsph.edu gtc_help@jhsph.edu helpcour@jhsph.edu irboffice@jhsph.edu medhomeinfo@jhsph.edu press@jhsph.edu spadmin@jhsph.edu webadmin@jhsph.edu your_email@jhsph.edu 
job-hunt.org feedback@job-hunt.org questions@job-hunt.org webmaster@job-hunt.org 
job853.com contact@job853.com sales@job853.com service@job853.com support@job853.com 
jobbkk.com help@jobbkk.com sale@jobbkk.com sales@jobbkk.com service@jobbkk.com webmaster@jobbkk.com 
jobkicks.de info@jobkicks.de 
joblist.md info@joblist.md 
jobright.com mail@jobright.com 
jobsdb.co.id careerexpo2010@jobsdb.co.id editor@jobsdb.co.id 
jobsdb.co.th advertising@jobsdb.co.th marketing@jobsdb.co.th 
jobsnepal.com info@jobsnepal.com support@jobsnepal.com 
jobstoday.com.ng admin@jobstoday.com.ng 
jobungo.com mail@jobungo.com 
jobvoting.de info@jobvoting.de 
karriere.de kontakt@karriere.de 
karrierefuehrer.de info@karrierefuehrer.de presse@karrierefuehrer.de 
keybr.com info@keybr.com 
kiec.edu.np admin@kiec.edu.np info@kiec.edu.np 
kodansha-cc.co.jp info@kodansha-cc.co.jp webmaster@kodansha-cc.co.jp 
kontroliniai.lt info@kontroliniai.lt 
krachttraining.net info@krachttraining.net 
kursy.org info@kursy.org 
kyori.jp info@kyori.jp 
labmedya.com bilgi@labmedya.com 
lavoricreativi.com info@lavoricreativi.com paypal@lavoricreativi.com 
lawrence.edu admissions@lawrence.edu boxoffice@lawrence.edu careerservices@lawrence.edu financial_services@lawrence.edu health.services@lawrence.edu helpdesk@lawrence.edu idoffice@lawrence.edu musicadmissions@lawrence.edu shop@lawrence.edu staff_connection@lawrence.edu staff_connections@lawrence.edu student.accounts@lawrence.edu volunteer.center@lawrence.edu web_feedback@lawrence.edu webmaster@lawrence.edu 
linuxacademy.com broot-dev@linuxacademy.com support@linuxacademy.com 
lophoctiengnhat.com admin@lophoctiengnhat.com 
ls.edu.br contato.escolatecnica@ls.edu.br contato.faculdade@ls.edu.br contato.posgraduacao@ls.edu.br contato@ls.edu.br 
marathisrushti.com bookshop@marathisrushti.com feedback@marathisrushti.com support@marathisrushti.com 
meraklisiicin.com bilgi@meraklisiicin.com 
mla.org 8blrgsupport@mla.org bookorders@mla.org execdirector@mla.org help@mla.org info@mla.org jileditor@mla.org journalhelp@mla.org lrgsupport@mla.org membership@mla.org press@mla.org websupport@mla.org 
monster.com.hk info@monster.com.hk jobseeker@monster.com.hk privacypolicy@monster.com.hk sales@monster.com.hk 
myjob.ro contact@myjob.ro office@myjob.ro webmaster@myjob.ro 
nextstepbeauty.co.uk info@nextstepbeauty.co.uk jobs@nextstepbeauty.co.uk support@nextstepbeauty.co.uk 
ngcareers.com contact@ngcareers.com cvservice@ngcareers.com enquiries@ngcareers.com info@ngcareers.com 
nijobfinder.co.uk support@nijobfinder.co.uk 
nuzle.pl kontakt@nuzle.pl 
oamarelinho.com.br comercial@oamarelinho.com.br 
opstinasokolac.net administrator@opstinasokolac.net 
orientation.com orient_editor@orientation.com 
paaet.edu.kw feedback@paaet.edu.kw info@paaet.edu.kw nsg.admin@paaet.edu.kw press@paaet.edu.kw 
parisetudiant.com contact@parisetudiant.com 
phrasemix.com support@phrasemix.com 
picro.jp support@picro.jp 
pinoyjobs.ph info@pinoyjobs.ph 
planetaius.com.ar webmaster@planetaius.com.ar 
professornews.com.br contato@professornews.com.br 
psit.in director@psit.in directorhr@psit.in 
rarejob.com houjin.support@rarejob.com privacy@rarejob.com support@rarejob.com 
ratemyteachers.com contact@ratemyteachers.com 
ravensbourne.ac.uk admissions@ravensbourne.ac.uk 
recruit.com.hk customer@recruit.com.hk customerservice@recruit.com.hk editors@recruit.com.hk service@recruit.com.hk sysadmin@recruit.com.hk 
recruitni.com info@recruitni.com support@recruitni.com 
restudy.dk info@restudy.dk support@restudy.dk 
roadtechs.com designeng-join@roadtechs.com designeng-leave@roadtechs.com helper-join@roadtechs.com helper-leave@roadtechs.com hptech-join@roadtechs.com hptech-leave@roadtechs.com iandetech-join@roadtechs.com iandetech-leave@roadtechs.com insttech-join@roadtechs.com insttech-leave@roadtechs.com 
roberts.edu 20admissions@roberts.edu 20age-admissions@roberts.edu admissions@roberts.edu age-admissions@roberts.edu age-marketing@roberts.edu boxoffice@roberts.edu careeroffice@roberts.edu careerservices@roberts.edu distaffenm@roberts.edu gradbusiness@roberts.edu health_administration@roberts.edu helpdesk@roberts.edu info@roberts.edu onlinesupport@roberts.edu provostsoffice@roberts.edu security-admins@roberts.edu support@roberts.edu webmaster@roberts.edu 
run.edu.ng info@run.edu.ng recruitment@run.edu.ng staffupdate@run.edu.ng 
santeria.fr info@santeria.fr 
silkysteps.com mail@silkysteps.com sales@silkysteps.com 
smuc.edu.et infoiqpm@smuc.edu.et registraroffice@smuc.edu.et 
sprawnik.pl biuro@sprawnik.pl marketing@sprawnik.pl 
studenten.net info@studenten.net sales@studenten.net 
studenttorget.no post@studenttorget.no 
studyabroad.bg editorial@studyabroad.bg office@studyabroad.bg 
studyineurope.eu info@studyineurope.eu 
syscol.com contacto@syscol.com soporte@syscol.com ventas@syscol.com 
tealit.com contact@tealit.com info@ntdmedia.com 
techtutor.pl kontakt@techtutor.pl 
teenpath.net webmaster@teenpath.net 
telecentro.net.ar ipadmin@telecentro.net.ar postmaster@telecentro.net.ar soporte@telecentro.net.ar soporte_usuarios@telecentro.net.ar 
termdates.co.uk info@termdates.co.uk 
thaijob.com admin@thaijob.com contact@thaijob.com 
thedmonline.com editor@thedmonline.com 
theiet.org author_support@theiet.org careermanager@theiet.org career-manager@theiet.org communities-support@theiet.org community-online@theiet.org community-operations@theiet.org cybersecurity@theiet.org electechs@theiet.org emea.sales@theiet.org engineering.editor@theiet.org engtechletters@theiet.org engtechmag@theiet.org etj.editor@theiet.org events@theiet.org eventsa1@theiet.org eventsa2@theiet.org eventsa4@theiet.org features.editor@theiet.org indiaevents@theiet.org jobsadmin@theiet.org lsbookings@theiet.org mailtmzhang@theiet.org managing.editor@theiet.org membership@theiet.org mycommunity@theiet.org news.editor@theiet.org online.editor@theiet.org postmaster@theiet.org presidentslist@theiet.org sales@theiet.org salesap@theiet.org secretary-angliancoastal@theiet.org syp.editor@theiet.org technical@theiet.org technology.editor@theiet.org volunteer@theiet.org webmaster@theiet.org 
thelinguist.com admin@thelinguist.com customerservice@thelinguist.com 
tpet.co.uk info@tpet.co.uk shop@tpet.co.uk 
tpu.ru admin@tpu.ru business@tpu.ru cammail@tpu.ru lms-admin@tpu.ru masters@tpu.ru media@tpu.ru mobile@tpu.ru pk-staff@tpu.ru postdoc@tpu.ru postnikov@tpu.ru shop@tpu.ru support@tpu.ru webmaster@tpu.ru 
tuttoformazione.com support@tuttoformazione.com 
uaar.edu.pk admissions@uaar.edu.pk directorsrc@uaar.edu.pk treasurer@uaar.edu.pk webmaster@uaar.edu.pk 
ucanapply.com help@ucanapply.com 
uninettunouniversity.net info@uninettunouniversity.net infoimola@uninettunouniversity.net newsletter@uninettunouniversity.net staff@uninettunouniversity.net webmaster@uninettunouniversity.net 
unioneprofessionisti.com info@unioneprofessionisti.com webmaster@unioneprofessionisti.com 
usim.edu.my fmsadmin@usim.edu.my helpdesk.amv2@usim.edu.my helpdesk.goals@usim.edu.my helpdesk@usim.edu.my info.fpqs@usim.edu.my info.fpsk@usim.edu.my info.hep@usim.edu.my info.ipps@usim.edu.my info.library@usim.edu.my info.ppkpk@usim.edu.my info.pusatsukan@usim.edu.my info.tamhidi@usim.edu.my infoprevent2014@usim.edu.my myclaimadmin@usim.edu.my netmaster@usim.edu.my 
usperm.ru info@usperm.ru 
vamospanish.com info@vamospanish.com 
warmadewa.ac.id info@warmadewa.ac.id 
whatcareerisrightforme.com contact@whatcareerisrightforme.com services@whatcareerisrightforme.com 
wila-arbeitsmarkt.de redaktion@wila-arbeitsmarkt.de 
wondercity.com contact@wondercity.com jobs@wondercity.com 
workplacefairness.org contact@workplacefairness.org feedback@workplacefairness.org info@workplacefairness.org press@workplacefairness.org 
wullo.com mail@wullo.com 
x.edu.uy administrador@x.edu.uy 
yenimeram.com.tr info@yenimeram.com.tr 
youstudy.com careers@youstudy.com info@youstudy.com 
zuni.vn support@zuni.vn 
20aubac.fr contact@20aubac.fr 
adamjeeinsurance.com info@adamjeeinsurance.com recruitment@adamjeeinsurance.com social.media@adamjeeinsurance.com 
aftertax.gr contact@aftertax.gr 
airforcefcu.com bposten@airforcefcu.com lendingservices@airforcefcu.com memberservice@airforcefcu.com memberservices@airforcefcu.com webmaster@airforcefcu.com 
americanbulls.com support@americanbulls.com 
americanpayroll.org 226-4027moreinfo@americanpayroll.org apa_membership@americanpayroll.org info@americanpayroll.org moreinfo@americanpayroll.org press@americanpayroll.org 
arab.com.ua info@arab.com.ua 
arabictrader.com career@arabictrader.com info@arabictrader.com sales@arabictrader.com support@arabictrader.com 
arbeitsgemeinschaft-finanzen.de info@arbeitsgemeinschaft-finanzen.de redaktion@arbeitsgemeinschaft-finanzen.de 
bankalar.org bilgi@bankalar.org 
bankbazaar.com android-support@bankbazaar.com careers@bankbazaar.com privacy@bankbazaar.com support@bankbazaar.com 
bankinnovation.net info@bankinnovation.net mediasales@bankinnovation.net u003einfo@bankinnovation.net 
bankmonitor.hu support@bankmonitor.hu 
bankofkazan.ru info@bankofkazan.ru office@bankofkazan.ru 
bcasonline.org accounts@bcasonline.org frontoffice@bcasonline.org joint.secretary@bcasonline.org joint.secretary1@bcasonline.org memberinfo@bcasonline.org president@bcasonline.org reception@bcasonline.org treasurer@bcasonline.org 
benefit.by info@benefit.by 
biallo.de info@biallo.de 
bluerating.com amministrazione@bluerating.com info@bluerating.com infomarketing@bluerating.com marketing@bluerating.com 
bnn.ca businessday@bnn.ca info@bnn.ca sales@bnn.ca thebusinessnews@bnn.ca viewermail@bnn.ca 
buffettsbooks.com info@buffettsbooks.com 
buhgalteria.ru admin@buhgalteria.ru support@buhgalteria.ru webeditor@buhgalteria.ru 
canal10.tv info@canal10.tv 
capitalvia.com careers@capitalvia.com helpdesk@capitalvia.com info@capitalvia.com media@capitalvia.com support@capitalvia.com 
caravanguard.co.uk info@caravanguard.co.uk marketing@caravanguard.co.uk recruitment@caravanguard.co.uk 
combarranquilla.co info@combarranquilla.co webmaster@combarranquilla.co 
comercialcard.com.co gerencia@comercialcard.com.co info@comercialcard.com.co 
comfamiliarhuila.com hoteltimanco@comfamiliarhuila.com infoclublagos@comfamiliarhuila.com infoplayajuncal@comfamiliarhuila.com 
conta.ro info@conta.ro office@conta.ro 
dentwave.com privacy@dentwave.com 
dollarcollapse.com emanager@dollarcollapse.com 
etfdb.com contact@etfdb.com newsletters@etfdb.com webmaster@etfdb.com 
etnet.com.hk cn_info@etnet.com.hk info@etnet.com.hk 
eurobench.com info@eurobench.com 
fasi.biz info@fasi.biz 
febraban.org.br comercial.ciab@febraban.org.br comercial.educorp@febraban.org.br fintechday@febraban.org.br gerencia.sistemas@febraban.org.br 
filkos.com mail@filkos.com 
forexobroker.com sales@forexobroker.com 
foxbet.gr contact@foxbet.gr info@foxbet.gr support@foxbet.gr 
freewayinsurance.com anafsales@freewayinsurance.com legal@freewayinsurance.com 
fxdailyinfo.com info@fxdailyinfo.com 
fxteam.ru info@fxteam.ru support@fxteam.ru 
get4x.com admin@get4x.com contact@get4x.com feedback@get4x.com jobs@get4x.com 
inbestia.com info@inbestia.com 
insurancenews.com.au admin@insurancenews.com.au editor@insurancenews.com.au 
investingdaily.com customerservice@investingdaily.com mailbag@investingdaily.com postoffice@investingdaily.com service@investingdaily.com 
lacapitale.com infoweb.caap@lacapitale.com mediassociaux@lacapitale.com sales.support@lacapitale.com socialmedia@lacapitale.com support.courtage@lacapitale.com webadmin@lacapitale.com webaskadmin@lacapitale.com 
lakforex.com help@lakforex.com 
loanmarket.com.au admin.rogers@loanmarket.com.au customercare@loanmarket.com.au customerservice@loanmarket.com.au media@loanmarket.com.au support@loanmarket.com.au 
lugasoft.ru mail@lugasoft.ru support@lugasoft.ru 
monabanq.com contact@monabanq.com 
munknee.com editor@munknee.com 
mymoneymantra.com careers@mymoneymantra.com 
onlinepancard.in support@onlinepancard.in 
oprocentowanielokat.pl biuro@oprocentowanielokat.pl 
portaldefinancas.com admin@portaldefinancas.com 
positivelendingsolutions.com.au info@positivelendingsolutions.com.au 
roland-rechtsschutz.de makler-mail@roland-rechtsschutz.de makler-service@roland-rechtsschutz.de newsletter@roland-rechtsschutz.de pooler-post@roland-rechtsschutz.de service@roland-rechtsschutz.de 
scholarships4moms.net info@scholarships4moms.net 
serautonomo.net info@serautonomo.net 
shareholders.dk events@shareholders.dk mailto.daf@shareholders.dk mailto.webmaster@shareholders.dk webmaster@shareholders.dk 
silverbullion.com.sg feedback@silverbullion.com.sg media@silverbullion.com.sg sales@silverbullion.com.sg 
sprottmoney.com legal@sprottmoney.com privacy@sprottmoney.com sales@sprottmoney.com 
