klia2.info admin@klia2.info
kobitek.com editor@kobitek.com
kontinentusa.com info@kontinentusa.com
konverter-jedinica.com info@konverter-jedinica.com
kota.com jobs@kota.com sales@kota.com support@kota.com
kozienice24.pl biuro@kozienice24.pl
kpd.bg office@kpd.bg
kragujevcani.rs office@kragujevcani.rs
krainamaystriv.com info@krainamaystriv.com
krishijagran.com info@krishijagran.com
kwangjae.com designer@kwangjae.com
lanasyovillos.com info@lanasyovillos.com
lanhome.co.jp info@lanhome.co.jp
lathes.co.uk sales@lathes.co.uk
leadershipthoughts.com info@leadershipthoughts.com
learnmarketing.net feedback@learnmarketing.net
lemonde.co.il contact@lemonde.co.il
lespagesjaunesafrique.com info@lespagesjaunesafrique.com
lettergenerator.net contact@lettergenerator.net
letters.org info@letters.org
leventisikli.com info@leventisikli.com
lidathiry.nl info@lidathiry.nl
lineas900.com contacto@lineas900.com
lkeria.com admin@lkeria.com info@lkeria.com webmaster@lkeria.com
lochkreisdaten.de info@lochkreisdaten.de
logi-today.com support@logi-today.com
logofactoryweb.com contact@logofactoryweb.com
logomoose.com info@logomoose.com
lohechoenmexico.mx bajacontacto@lohechoenmexico.mx contacto@lohechoenmexico.mx
longitudeonda.com contacto@longitudeonda.com
losrecursoshumanos.com editor@losrecursoshumanos.com info@losrecursoshumanos.com
lotrinh.vn admin@lotrinh.vn sale@lotrinh.vn
luisan.net contactar@luisan.net info@luisan.net
maanpuolustus.net info@maanpuolustus.net
madamecriativa.com.br contato@madamecriativa.com.br
magmontres.fr contact@magmontres.fr
maisplastico.com.br comercial@maisplastico.com.br vendas@maisplastico.com.br
maisregiao.com.br comercial@maisregiao.com.br
maissemanario.pt multimedia@maissemanario.pt
malaysiaservicecentre.com advertise@malaysiaservicecentre.com sales@malaysiaservicecentre.com
mallsmarket.com advertise@mallsmarket.com feedback@mallsmarket.com jobpost@mallsmarket.com sales@mallsmarket.com
managment-study.ru admin@managment-study.ru
mancro.com infogt@mancro.com
marinetraffic.org info@marinetraffic.org
maringuiden.se info@maringuiden.se support@maringuiden.se
marker.to contact@marker.to
marrakechalaan.com contact@marrakechalaan.com
massagenavi.com info@massagenavi.com
massrealty.com info@massrealty.com sales@massrealty.com
master-forum.ru info@master-forum.ru
mat.lt info@mat.lt
mavisimsekler.com bilgi@mavisimsekler.com
maya.com.bd feedback@maya.com.bd info@maya.com.bd jobs@maya.com.bd
medjimurje.hr info@medjimurje.hr marketing@medjimurje.hr
medmix.at info@medmix.at redaktion@medmix.at
meieki.com contact@meieki.com webmaster@meieki.com
mekelektro.ru info@mekelektro.ru
menudonumerito.com info@menudonumerito.com x3einfo@menudonumerito.com
mercadeo.com editor@mercadeo.com info@mercadeo.com webmaster@mercadeo.com
metallirari.com info@metallirari.com
meteoparma.com info@meteoparma.com
metro.net accessibility@metro.net accountspayable@metro.net bikeinfo@metro.net boardsecretary@metro.net customer.exp@metro.net designstudio@metro.net eatshopplay@metro.net esmailiana@metro.net mediarelations@metro.net metro_jobs@metro.net officergormank@metro.net servicechanges@metro.net servicecouncils@metro.net steamcar@metro.net webmaster@metro.net webmasters@metro.net
micromagma.ma contact@micromagma.ma
mieszkaniedlamlodych.com info@mieszkaniedlamlodych.com
might-project.com info@might-project.com
millionaire.ru editor@millionaire.ru info@millionaire.ru
miltonchanes.com info@miltonchanes.com
mirhat.ru order@mirhat.ru
misterwhat.co.uk info@misterwhat.co.uk
mobilier-design-occasion.fr infos@mobilier-design-occasion.fr webmaster@mobilier-design-occasion.fr
modabuenosaires.com contacto@modabuenosaires.com
modele-lettre.com info@modele-lettre.com webmaster@modele-lettre.com
modernclassics.info info@modernclassics.info
modices.com.br comercial@modices.com.br contato@modices.com.br
mojegolebie.pl kontakt@mojegolebie.pl
mojelokum.pl biuro@mojelokum.pl
mondinion.com office@mondinion.com
morefactov.ru admin@morefactov.ru
mrinformatica.eu info@mrinformatica.eu
mtaki.hu info@mtaki.hu
multitest.ua help@multitest.ua
mundomasculino.com.br contato@mundomasculino.com.br
mux.de kontakt@mux.de
mybelize.net feedback@mybelize.net support@mybelize.net
myfirstapartment.com advertise@myfirstapartment.com copyright@myfirstapartment.com editor@myfirstapartment.com webmaster@myfirstapartment.com
mysunshinecoast.com.au accounts@mysunshinecoast.com.au business@mysunshinecoast.com.au community@mysunshinecoast.com.au info@mysunshinecoast.com.au privacy@mysunshinecoast.com.au
n-s-k.net admin@n-s-k.net
nabire.net info@nabire.net
nailslong.com info@nailslong.com
najlepszepiosenki.pl kontakt@najlepszepiosenki.pl
nalogovaya.ru info@nalogovaya.ru
namaejiten.com info@namaejiten.com
napravi-sam.com info@napravi-sam.com
nekretnine-rijeka.com info@nekretnine-rijeka.com
netmile.co.jp info@netmile.co.jp press@netmile.co.jp sales@netmile.co.jp tech@netmile.co.jp
newmyroyals.com info@newmyroyals.com
newpages.com.my admin@newpages.com.my billing@newpages.com.my
newtoreno.com info@newtoreno.com
next-immo.com office@next-immo.com
nextroom.at office@nextroom.at
nicetown.co.jp info@nicetown.co.jp
nihonsinwa.com info@nihonsinwa.com
noeg.co.il contact@noeg.co.il
nogarlicnoonions.com info@nogarlicnoonions.com
nrw-live.de info@nrw-live.de redaktion@nrw-live.de technik@nrw-live.de
nsbuild.rs office@nsbuild.rs
numerosdetelefono.es info@numerosdetelefono.es
nuwireinvestor.com customerservice@nuwireinvestor.com editor@nuwireinvestor.com feedback@nuwireinvestor.com info@nuwireinvestor.com legal@nuwireinvestor.com webmaster@nuwireinvestor.com
nyctransitforums.com info@nyctransitforums.com sales@nyctransitforums.com support@nyctransitforums.com
ocbustracker.com contact@ocbustracker.com
offers.vn contact@offers.vn
oficialblog.org contato@oficialblog.org
ogrodzenia24.eu sklep@ogrodzenia24.eu
ohsoft.net admin@ohsoft.net
oil-offshore-marine.com info@oil-offshore-marine.com sales@oil-offshore-marine.com support@oil-offshore-marine.com
olegon.ru support@olegon.ru
olympsb.ru info@olympsb.ru
onliveclock.com support@onliveclock.com
operefuturos.com.br contato@operefuturos.com.br
opinioncaribe.com administrativi@opinioncaribe.com administrativo@opinioncaribe.com director@opinioncaribe.com info@opinioncaribe.com
opportunitiesforafricans.com info@opportunitiesforafricans.com
opus21.net info@opus21.net
oslo.ru finance@oslo.ru
othello.org sinfo@othello.org webmaster@othello.org
otomobilsayfasi.com iletisim@otomobilsayfasi.com
outerzone.co.uk admin@outerzone.co.uk info@outerzone.co.uk
ozdazhe.com service@ozdazhe.com support@ozdazhe.com
p2kflex.nl info@p2kflex.nl
pachinko104.net info@pachinko104.net
padrinhonota10.com.br info@padrinhonota10.com.br
pakissan.com contact@pakissan.com office@pakissan.com
palinfo.com info@palinfo.com
paper-models.ru info@paper-models.ru
paranashop.com.br comercial@paranashop.com.br
paraque.net info@paraque.net
parksandgardens.org contactinfo@parksandgardens.org info@parksandgardens.org
partner-inform.de marketing@partner-inform.de redaktion@partner-inform.de shop@partner-inform.de
pcporadenstvi.cz info@pcporadenstvi.cz
pecsma.hu info@pecsma.hu
pembekalem.net info@pembekalem.net
periodicolacomuna.com.ar comercial@periodicolacomuna.com.ar
perusingtheshelves.com admin@perusingtheshelves.com
pet-jobs.com info@pet-jobs.com
pharmabiz.net info@pharmabiz.net
phraseo.de info@phraseo.de
pianetaoss.it informazioni@pianetaoss.it
pinoyeplans.com support@pinoyeplans.com
placeholder.com admin@placeholder.com email@placeholder.com emailaddress@placeholder.com fb_email_1837772976451080@placeholder.com fb_email_548958121960764@placeholder.com fb_email_692324440915643@placeholder.com info@placeholder.com support@placeholder.com
placeholder.com admin@placeholder.com email@placeholder.com emailaddress@placeholder.com fb_email_1837772976451080@placeholder.com fb_email_548958121960764@placeholder.com fb_email_692324440915643@placeholder.com info@placeholder.com support@placeholder.com
plandeafacere.ro contact@plandeafacere.ro
planshetu.ru admin@planshetu.ru
plcs.net.pl biuro@plcs.net.pl techniczny@plcs.net.pl
pless.pl biuro@pless.pl
plugthingsin.com admin@plugthingsin.com press@plugthingsin.com
agriavis.com contact@agriavis.com
agroinform.com mail@agroinform.com studio@agroinform.com
agroprecios.com comercial@agroprecios.com
akhbaralsabah.com admin@akhbaralsabah.com
allontario.ca admin@allontario.ca info@allontario.ca
alloy.ru design@alloy.ru support@alloy.ru
allroader.ru editor@allroader.ru
almohandes.org solidworks_technicalsupport@almohandes.org
apartos.ru info@apartos.ru
arab-eng.org jobs@arab-eng.org
archiscene.net info@archiscene.net
asfalisinet.gr info@asfalisinet.gr x3einfo@asfalisinet.gr
assessor.ru info@assessor.ru
automantenimiento.net info@automantenimiento.net
avamet.org info@avamet.org
aviation-report.com info@aviation-report.com
aviation.com.ua csairoffice@aviation.com.ua
avtoforex.ru admin@avtoforex.ru
avtovokzal.com.ua info@avtovokzal.com.ua
diendantaynguyen.com admin@diendantaynguyen.com
diodeo.com press@diodeo.com webmaster@diodeo.com webmaster_jp@diodeo.com
dofreedownload.com contact@dofreedownload.com
dr-cos.com info@dr-cos.com
eagletransporter.com admin@eagletransporter.com sales@eagletransporter.com
etv.co.za archiveinfo@etv.co.za chamaign.mailula@etv.co.za info@etv.co.za jobs@etv.co.za
exafm.com contacto@exafm.com sugerencias@exafm.com
fotosik.pl biuro@fotosik.pl kontakt@fotosik.pl
funky802.com info@funky802.com shop@funky802.com
galleryproject.org security@galleryproject.org u003esecurity@galleryproject.org
galwaybayfm.ie info@galwaybayfm.ie sales@galwaybayfm.ie u00a0info@galwaybayfm.ie
granddesignsmagazine.com info@granddesignsmagazine.com
greenarrow.com.br contato@greenarrow.com.br
greendayauthority.com info@greendayauthority.com orders@greendayauthority.com team@greendayauthority.com webmasters@greendayauthority.com
grimdawn.ru team@grimdawn.ru
guiabh.com.br comercial@guiabh.com.br contato@guiabh.com.br
guitarnoise.com contact2012@guitarnoise.com
100bestpoems.ru admin@100bestpoems.ru
1242.com 1242mobile@1242.com jolfmailmag@1242.com jolfmobile@1242.com radital-admin@1242.com webmaster@1242.com
220.ro contact@220.ro
2sao.vn info@2sao.vn webmaster@2sao.vn
3d-galleru.ru support@3d-galleru.ru
3dnamewallpapers.com info@3dnamewallpapers.com
50plus.de info@50plus.de
8list.ph editor@8list.ph
96fm.ie hrmanager@96fm.ie info@96fm.ie reception@96fm.ie studio@96fm.ie
99percentinvisible.org contact@99percentinvisible.org
9jabreed.com contact@9jabreed.com info@9jabreed.com
c2e2.com inquiry@c2e2.com
cablenoticias.tv info@cablenoticias.tv ventas@cablenoticias.tv
calculator888.ru admin@calculator888.ru
calculette.net webmaster@calculette.net
canadiangeographic.ca editor@canadiangeographic.ca online-editor@canadiangeographic.ca privacy@canadiangeographic.ca webmaster@canadiangeographic.ca
canal2international.net contact@canal2international.net info@canal2international.net
canalflunews.com contato@canalflunews.com
canistream.it support@canistream.it
canonclubitalia.com amministrazione@canonclubitalia.com
cantadasdepedreiro.com contato@cantadasdepedreiro.com
capetalk.co.za 567webmaster@capetalk.co.za feedback@capetalk.co.za
cdstarts.de info@cdstarts.de
centerplex.com.br comercial@centerplex.com.br e-mailfaleconosco@centerplex.com.br
cgrecord.net contact@cgrecord.net
ch7.com help@ch7.com marketing@ch7.com recruit@ch7.com webmaster@ch7.com
chertov.org.ua admin@chertov.org.ua
chicago-theater.com support@chicago-theater.com
chretiens.info info@chretiens.info
cielotv.it 20masterchef@cielotv.it info@cielotv.it masterchef@cielotv.it
cinefil.com copyright@cinefil.com
cinemark.com.br 768bhshopping@cinemark.com.br contato@cinemark.com.br mobile@cinemark.com.br
clandestinodeactores.com info@clandestinodeactores.com
classicmoviehub.com wordpress@classicmoviehub.com
comicbookplus.com team@comicbookplus.com
country94.ca mail@country94.ca sales@country94.ca
crossfm.co.jp info@crossfm.co.jp info-mag@crossfm.co.jp
cultuga.com.br contato@cultuga.com.br
hapfun.com.br contato@hapfun.com.br
harrypotter-xperts.de jobs@harrypotter-xperts.de webmaster@harrypotter-xperts.de whooomaster@harrypotter-xperts.de
hawaiiantel.net 76kellybishop1@hawaiiantel.net admin@hawaiiantel.net agservices@hawaiiantel.net bahiastudio@hawaiiantel.net bbinfo@hawaiiantel.net bbooksorders@hawaiiantel.net cccooffice@hawaiiantel.net cnpservice@hawaiiantel.net dandelion.designs@hawaiiantel.net davidrmasters@hawaiiantel.net dcadmin@hawaiiantel.net designer_808@hawaiiantel.net email-actsone@hawaiiantel.net email-kularidge@hawaiiantel.net emailmaile@hawaiiantel.net floridanewspost@hawaiiantel.net garciastudio@hawaiiantel.net haseoffice@hawaiiantel.net hggiftshop@hawaiiantel.net hifa.office@hawaiiantel.net hilobaycafe.email@hawaiiantel.net hi-tech-designs@hawaiiantel.net hmc.office@hawaiiantel.net hsguestservices@hawaiiantel.net info.okinaga@hawaiiantel.net jkgunshop@hawaiiantel.net jobline.xpress@hawaiiantel.net kellybishop1@hawaiiantel.net legaleagle@hawaiiantel.net magenta.designs@hawaiiantel.net maile33@hawaiiantel.net mailingmabel@hawaiiantel.net matt.bishop5@hawaiiantel.net nccadmin@hawaiiantel.net nccfinance@hawaiiantel.net nhh.office@hawaiiantel.net office.tsniffen@hawaiiantel.net orders_pk@hawaiiantel.net petroglyphpress@hawaiiantel.net pgalpinoffice@hawaiiantel.net questions@hawaiiantel.net rainforestwoods@hawaiiantel.net rashanemail@hawaiiantel.net raven.designs@hawaiiantel.net rmmanagement@hawaiiantel.net rtservice@hawaiiantel.net sjcoffice@hawaiiantel.net sndesigns@hawaiiantel.net sts.sales@hawaiiantel.net sttimsoffice@hawaiiantel.net studio52d@hawaiiantel.net tamurasoffice@hawaiiantel.net teamhp@hawaiiantel.net tphstaff@hawaiiantel.net upgrade.services2@hawaiiantel.net webservice2@hawaiiantel.net wmdesignhawaii@hawaiiantel.net x3ekellybishop1@hawaiiantel.net yuntech@hawaiiantel.net
itsfreedownloads.com admin@itsfreedownloads.com
jiqoo.jp info-bp@jiqoo.jp
joyfm.com.tr e-posta.iletisim@joyfm.com.tr iletisim@joyfm.com.tr joyfminfo@joyfm.com.tr
junglekouen.com info@junglekouen.com
kamikouchi.info webmaster@kamikouchi.info
kaosute.net mail@kaosute.net
karnaval.com iletisim@karnaval.com info@karnaval.com
knn.co.kr webmaster@knn.co.kr
kosarka.si kontakt@kosarka.si
krgv.com sales@krgv.com
kultunaut.dk kulturpressen@kultunaut.dk presse@kultunaut.dk
mad.tv abuse@mad.tv fashiondesigner@mad.tv info@mad.tv manager@mad.tv
maeda-y.com webmaster@maeda-y.com
magictrain.biz info@magictrain.biz
mangag.com ace-info@mangag.com info@mangag.com support@mangag.com
matb3aa.com admin@matb3aa.com
megaricos.com info@megaricos.com
midishow.com webmaster@midishow.com
missyusa.com info@missyusa.com
mixgrill.gr info@mixgrill.gr
modelisme.com contact@modelisme.com
moviecrow.com editor@moviecrow.com privacy@moviecrow.com sales@moviecrow.com webmaster@moviecrow.com
music-key.com webmaster@music-key.com
music-square.jp info@music-square.jp
mxbars.net info@mxbars.net
nannichime.net info@nannichime.net
napred-nazad.com email@napred-nazad.com
netjoven.pe contacto@netjoven.pe
nettradionorge.com info@nettradionorge.com
nmz.de info@nmz.de webmaster@nmz.de
noiz.gr infosales@noiz.gr
nollywoodreinvented.com admin@nollywoodreinvented.com
nomix.it shop@nomix.it
norja.net info@norja.net
noshi.jp support@noshi.jp
notjustok.com advertising@notjustok.com support@notjustok.com
nova1069.com.au jobs@nova1069.com.au
novela.pl kontakt@novela.pl
nowiny.gliwice.pl office@nowiny.gliwice.pl
nowplayingnashville.com 20info@nowplayingnashville.com info@nowplayingnashville.com support@nowplayingnashville.com
nzlife.net info@nzlife.net
o365info.com admin@o365info.com bobnewemail@o365info.com faxservice@o365info.com helpdesk@o365info.com info@o365info.com ithelpdesk@o365info.com jobs@o365info.com new-email@o365info.com sales01@o365info.com sales02@o365info.com salesuk02@o365info.com salesuk03@o365info.com support@o365info.com wordpress@o365info.com
obrasileirinho.com.br contato@obrasileirinho.com.br
obsuzhday.com support@obsuzhday.com
odjechani.com.pl admin@odjechani.com.pl kontakt@odjechani.com.pl
odpiralnicasi.com info@odpiralnicasi.com
offradio.gr business@offradio.gr info@offradio.gr studio@offradio.gr support@offradio.gr
ofppt.info contact@ofppt.info
ogrenet.lv info@ogrenet.lv
ohfun.net master@ohfun.net press@ohfun.net
okayafrica.com advertising@okayafrica.com jobs@okayafrica.com musiceditor@okayafrica.com
osobnosti.cz info@osobnosti.cz
ounousa.com info@ounousa.com
paris-art.com contact@paris-art.com design@paris-art.com newsletter@paris-art.com
pep.ph advertising@pep.ph info@pep.ph sales@pep.ph tech@pep.ph
photohito.com photo_support@photohito.com
polovinka.org info@polovinka.org
psynews.org info@psynews.org
pumpkinfm.com admin@pumpkinfm.com
purepeople.com.br iphone@purepeople.com.br
radio.co.il info@radio.co.il
radiocarnaval.cl ventas@radiocarnaval.cl ventascurico@radiocarnaval.cl ventasovalle@radiocarnaval.cl ventasrancagua@radiocarnaval.cl ventasvina@radiocarnaval.cl
radiokoeln.de redaktion@radiokoeln.de
radionortefm.com comercial@radionortefm.com
radioonline.com.pt info@radioonline.com.pt
radios.com.bo info@radios.com.bo
radiosiegen.de redaktion@radiosiegen.de
randirhodes.com info@randirhodes.com
resourcemagonline.com info@resourcemagonline.com legal@resourcemagonline.com
rightthisminute.com privacy@rightthisminute.com
rlive.co.il service@rlive.co.il
rocklyric.jp info@rocklyric.jp
rubese.net inquiry@rubese.net
sabc.co.za contactcentre@sabc.co.za editorial@sabc.co.za henleyinfo@sabc.co.za info@sabc.co.za mailulama@sabc.co.za mobile@sabc.co.za pressline@sabc.co.za radiojobs@sabc.co.za rpsales@sabc.co.za sabceditorial@sabc.co.za socialmedia@sabc.co.za technologyideas@sabc.co.za tourbookings@sabc.co.za tvlic.info@sabc.co.za tvlicinfo@sabc.co.za
salonapprentice.com help@salonapprentice.com info@salonapprentice.com
samaa.tv 3einfo@samaa.tv careers@samaa.tv copyrights@samaa.tv feedback@samaa.tv info@samaa.tv sahirlodhi.cominfo@samaa.tv
sara-freder.com webmaster@sara-freder.com winepresses@sara-freder.com
serwiskadrowego.pl admin@serwiskadrowego.pl sklep@serwiskadrowego.pl
sfatulmamicilor.ro contact@sfatulmamicilor.ro
shemsfm.net contact@shemsfm.net
showcase.ca feedback@showcase.ca webmaster@showcase.ca
siamza.com info@siamza.com master@siamza.com sale@siamza.com support@siamza.com webmaster@siamza.com zedtechlimited@siamza.com
siamzone.com webmaster@siamzone.com
slochao.com slotmaster@slochao.com uslotmaster@slochao.com
soundofhope.org contact@soundofhope.org email--donation@soundofhope.org info@soundofhope.org
starnnews.com press@starnnews.com webmaster@starnnews.com
starticket.ch info@starticket.ch privacypolicy@starticket.ch
straszne-historie.pl kontakt@straszne-historie.pl
studiok-i.net contact@studiok-i.net
stupiddope.com info@stupiddope.com
supercoolpics.com admin@supercoolpics.com privacy@supercoolpics.com
superfm.com.tr e-posta.iletisim@superfm.com.tr iletisim@superfm.com.tr info@superfm.com.tr
telenicosia.it info@telenicosia.it webdesigner@telenicosia.it
teletime.com.br comercial@teletime.com.br
tet.tv post@tet.tv press@tet.tv
tfc.tv feedback@tfc.tv support@tfc.tv
thaitv3.com info@thaitv3.com webeditor@thaitv3.com
theawl.com advertise@theawl.com
theboombox.com newsletters@theboombox.com
thefanboyseo.com admin@thefanboyseo.com
thegap.at roomservice@thegap.at
thegioidienanh.vn info@thegioidienanh.vn
themeraider.com contact@themeraider.com
thisisglamorous.com contact@thisisglamorous.com shop@thisisglamorous.com
ticketek.com.ar consultasmotogp@ticketek.com.ar info@ticketek.com.ar
titerenet.com info@titerenet.com
tohotheater.jp tcmail@tohotheater.jp
toonhole.com mail@toonhole.com
topwebcomics.com storeadmin@topwebcomics.com support@topwebcomics.com
toronto-theatre.com support@toronto-theatre.com
totalsororitymove.com support@totalsororitymove.com
tralala.gr info@tralala.gr marketing@tralala.gr
tuboleta.com contactenos@tuboleta.com director.sistemas@tuboleta.com
tumnoterler.com info@tumnoterler.com
tvgazeta.com.br comercial@tvgazeta.com.br
tvone.tv adsales@tvone.tv businessaffairs@tvone.tv careers@tvone.tv info@tvone.tv
tvs.pl informacje@tvs.pl marketing@tvs.pl sekretariat@tvs.pl sklep@tvs.pl
unitedcinemas.jp webmaster@unitedcinemas.jp
uol.ua mymail@uol.ua
urfanatik.com info@urfanatik.com
ustv.com.tw service@ustv.com.tw
utaten.com kdm-info@utaten.com
vanakkammalaysia.com info@vanakkammalaysia.com
venturesquare.net contact@venturesquare.net editor@venturesquare.net editor01@venturesquare.net
vidadeprogramador.com.br contato@vidadeprogramador.com.br
vorumaateataja.ee info@vorumaateataja.ee
vrodine.ru info@vrodine.ru
vsolikamske.ru admin@vsolikamske.ru
vtv.com.hn info@vtv.com.hn
wavepc.pl webmaster@wavepc.pl
wctv.tv info@wctv.tv wctvfeedback@wctv.tv
whatsonlive.co.uk info@whatsonlive.co.uk
wild941.com webmaster@wild941.com
winnipegmovies.com info@winnipegmovies.com
wisdom-guild.net webmaster@wisdom-guild.net
wncw.org info@wncw.org membership@wncw.org volunteer@wncw.org
worldscreen.com.tw service@worldscreen.com.tw
wuewowas.de info@wuewowas.de
yourneighborhoodtheatre.com info@yourneighborhoodtheatre.com theatreinfo@yourneighborhoodtheatre.com
zahmaola.com contact@zahmaola.com
zoom.nl info@zoom.nl webmaster@zoom.nl
8891.com.tw service@8891.com.tw
alfavirtualclub.it staff@alfavirtualclub.it
asphalte.ch info@asphalte.ch
autodiler.me info@autodiler.me
autonet.hr info@autonet.hr marketing@autonet.hr
avionslegendaires.net contact@avionslegendaires.net
avtolektron.ru admin@avtolektron.ru
avtomobilizem.com admin@avtomobilizem.com
bikeit.gr info@bikeit.gr
bmf1.dk webmaster@bmf1.dk
buycartv.com service@buycartv.com
cars.ro contact@cars.ro
carvariety.com webmaster@carvariety.com
chileautos.cl info@chileautos.cl sugerencias@chileautos.cl
cochesyconcesionarios.com info@cochesyconcesionarios.com
custommania.com staff@custommania.com
dailycar.co.kr help@dailycar.co.kr ptech@dailycar.co.kr
f1latam.com contacto@f1latam.com
findspecials.co.za info@findspecials.co.za
forosmart.com info@forosmart.com
forum308.com contact@forum308.com webmaster@forum308.com
gruzoviki.com info@gruzoviki.com
gzrally.com info@gzrally.com
hobbikert.hu info@hobbikert.hu
ihcubcadet.com info@ihcubcadet.com
inautia.it info@inautia.it
jedi.com manager@jedi.com
jeepolog.com sales@jeepolog.com webmaster@jeepolog.com
justacro.com info@justacro.com
kenyacarbazaar.com info@kenyacarbazaar.com
kereta.info info@kereta.info
kfz-steuer.de info@kfz-steuer.de
kitcarlist.com info@kitcarlist.com
klr650.net admin@klr650.net
kolesa.kz support@kolesa.kz webmaster@kolesa.kz
kroybikroy.com info@kroybikroy.com support@kroybikroy.com
lamaneta.org webmaster@lamaneta.org
lambocars.com info@lambocars.com
largusladaclub.ru info@largusladaclub.ru
lastochka.by info@lastochka.by
lautsprecherforum.eu kontakt@lautsprecherforum.eu
logan.in.ua admin@logan.in.ua shop@logan.in.ua
lowrider.com artshop1@lowrider.com
manheim.co.nz support@manheim.co.nz
medidasdecoches.com contacto@medidasdecoches.com
megapolis.by info@megapolis.by
mekina.net info@mekina.net
mojnoviauto.com kontakt@mojnoviauto.com
motor-forum.nl copyright@motor-forum.nl
motorsportlives.com webmaster@motorsportlives.com
motorsportretro.com sales@motorsportretro.com
motortrader.com.my info@motortrader.com.my marketing@motortrader.com.my privatesales@motortrader.com.my recruitment@motortrader.com.my webmaster@motortrader.com.my
motory.com support@motory.com
motos-motor.com.br contato@motos-motor.com.br
motoso.de feedback@motoso.de info@motoso.de service@motoso.de support@motoso.de
motoweb.be info@motoweb.be
msrcar.com webmaster@msrcar.com
mypolo.nl info@mypolo.nl
myteana.ru shop@myteana.ru
narule.ru mail@narule.ru
nasigurno.com info@nasigurno.com
newstrack.com info@newstrack.com
nhra.com department.techdl@nhra.com feedback@nhra.com fieldoffice@nhra.com membership@nhra.com policyquestions@nhra.com tech@nhra.com webmaster@nhra.com
nouvelle-fiat500.fr contact@nouvelle-fiat500.fr
performancedrive.com.au info@performancedrive.com.au
pesquisauto.com comercial@pesquisauto.com
porscheclubgb.com admin@porscheclubgb.com cluboffice@porscheclubgb.com events@porscheclubgb.com media@porscheclubgb.com membership@porscheclubgb.com support@porscheclubgb.com
publimotos.com comercial@publimotos.com comunitymanager@publimotos.com contacto@publimotos.com gerencia@publimotos.com
qatarsale.com info@qatarsale.com marketing@qatarsale.com
quelpermis.com contact@quelpermis.com
radarsemarang.com editor@radarsemarang.com
radartutorial.eu admin@radartutorial.eu info@radartutorial.eu
rallylovers.be info@rallylovers.be
rallyx.net info@rallyx.net
rcnews.fr contact@rcnews.fr
reformauto.ru info@reformauto.ru sale@reformauto.ru
revistacarro.com.br comercial@revistacarro.com.br
revscene.net advertise@revscene.net advertisement@revscene.net
rideschedules.com webmaster@rideschedules.com
rimsdealer.com customerservice@rimsdealer.com feedback@rimsdealer.com sales@rimsdealer.com webmaster@rimsdealer.com wholesale@rimsdealer.com
rpm9.com webmaster@rpm9.com
rstcars.com info@rstcars.com sales@rstcars.com
rvt.com admin@rvt.com tradersupport@rvt.com
s1cars.com customersupport@s1cars.com displaysales@s1cars.com info@s1cars.com trade.sales@s1cars.com
scooterhulp.com info@scooterhulp.com
sebeadmin.ru support@sebeadmin.ru
selasar.com admin@selasar.com info@selasar.com sales@selasar.com support@selasar.com
seminovosbh.com.br comercial@seminovosbh.com.br contato@seminovosbh.com.br
shop4parts.co.uk info@shop4parts.co.uk
singeronline.com info@singeronline.com
smartcockpit.com contact@smartcockpit.com
smotra.ru shop@smotra.ru
swapalease.com privacy@swapalease.com security@swapalease.com support@swapalease.com support2@swapalease.com
torkspec.com memberservices@torkspec.com
total911.com editorial@total911.com
toyota-club.net mail@toyota-club.net
volvov70forum.com administratie@volvov70forum.com info@volvov70forum.com
wandaloo.com commercial@wandaloo.com web.master@wandaloo.com
wheels.ca salesinfo@wheels.ca
adsblue.com info@adsblue.com support@adsblue.com
blackhairinformation.com contact@blackhairinformation.com
bodyforumtr.com info@bodyforumtr.com
fitnessformen.co.id advertising@fitnessformen.co.id webmaster@fitnessformen.co.id
newbeauty.com info@newbeauty.com
thebeautyeffect.com contacto@thebeautyeffect.com
actualitte.com contact@actualitte.com
ebredigital.cat info@ebredigital.cat
elplacerdelalectura.com administrador@elplacerdelalectura.com info@elplacerdelalectura.com
grimmstories.com info@grimmstories.com
hosbeg.com info@hosbeg.com
mrdowling.com contact@mrdowling.com
neelwafurat.com info@neelwafurat.com
no-ichigo.jp support02@no-ichigo.jp
novelguide.com admin@novelguide.com webmaster@novelguide.com
openroadmedia.com inquiries@openroadmedia.com marketing@openroadmedia.com privacy@openroadmedia.com
panamapoesia.com admin@panamapoesia.com sugerencias@panamapoesia.com
startup.gr info@startup.gr
upolujebooka.pl kontakt@upolujebooka.pl
vorleser.net post@vorleser.net
12termann.at info@12termann.at
660amtheanswer.com info@660amtheanswer.com
abcdoabc.com.br contato@abcdoabc.com.br
abisayara.com webmaster@abisayara.com
agromaquinaria.es comercial@agromaquinaria.es info@agromaquinaria.es
airwaysmag.com editorial@airwaysmag.com postmaster@airwaysmag.com
akhbarelyom.com info@akhbarelyom.com
almashhad-alyemeni.com info@almashhad-alyemeni.com
anlikaltinfiyatlari.com info@anlikaltinfiyatlari.com
architectureanddesign.com.au andsales@architectureanddesign.com.au editor@architectureanddesign.com.au pressrelease@architectureanddesign.com.au sales@architectureanddesign.com.au
architekci.pl biurosf@architekci.pl designdivision@architekci.pl designoff@architekci.pl eftetstudio@architekci.pl info@architekci.pl jmpstudio@architekci.pl sklep@architekci.pl studio@architekci.pl studio284@architekci.pl
arcoweb.com.br financeiro@arcoweb.com.br
arrondissement.com info@arrondissement.com
asahi-mullion.com hp-info@asahi-mullion.com paper-info@asahi-mullion.com
atomic-ranch.com adsales@atomic-ranch.com editor@atomic-ranch.com
autostau.ch admin@autostau.ch
avant-garde.com.cy info@avant-garde.com.cy
ayle.ru support@ayle.ru
bahay.ph admin@bahay.ph marketing@bahay.ph sales@bahay.ph
baltaci.av.tr info@baltaci.av.tr
bankrot.org manager@bankrot.org
batimes.com editor@batimes.com jobs@batimes.com support@batimes.com
bdfish.org contact@bdfish.org editor.journal@bdfish.org
beautiful-women-pedia.com info@beautiful-women-pedia.com
beefcentral.com admin@beefcentral.com feedback@beefcentral.com info@beefcentral.com
beldo.com jobs@beldo.com
belfot.com admin@belfot.com
berichnow.ru vhotel@berichnow.ru
best-stroy.ru info@best-stroy.ru
bgent.net info@bgent.net
bheventos.com.br contato@bheventos.com.br marketing@bheventos.com.br
bilmecelerimiz.com info@bilmecelerimiz.com
binbirdekor.com info@binbirdekor.com
biografija.com info@biografija.com
bireyselemekliliksistemi.org info@bireyselemekliliksistemi.org
biteki-seikat.com info@biteki-seikat.com
bizapedia.com service@bizapedia.com
bizocean.jp mailmag@bizocean.jp x3cmailmag@bizocean.jp
blanc-habitat.com info@blanc-habitat.com
blanker.ru mail@blanker.ru
blog-espritdesign.com contact@blog-espritdesign.com
bnti.ru info@bnti.ru
boo-log.com info@boo-log.com
bouwenwonen.net info@bouwenwonen.net rinfo@bouwenwonen.net
brandsoftheworld.com contact@brandsoftheworld.com
brisbane-australia.com admin@brisbane-australia.com directory@brisbane-australia.com
brpaper.com help@brpaper.com helpdesk@brpaper.com
btob.co.nz editor@btob.co.nz info@btob.co.nz
budujzdrewna.pl biuro@budujzdrewna.pl
build.com.au editor@build.com.au editorial@build.com.au support@build.com.au
buildingadvisor.com info@buildingadvisor.com sales@buildingadvisor.com
buildipedia.com editorial@buildipedia.com marketing@buildipedia.com staff@buildipedia.com
buono-italia.com info@buono-italia.com
bursa.com info@bursa.com support@bursa.com
buscadorprop.com.ar info@buscadorprop.com.ar
buscojobs.com.br info@buscojobs.com.br
business-wissen.de info@business-wissen.de redaktion@business-wissen.de service@business-wissen.de webmaster@business-wissen.de
businesslink.com.cy info@businesslink.com.cy
businesstech.co.za staffwriter@businesstech.co.za
businesstips.ph mailadmin@businesstips.ph
buyoutfootage.com admin@buyoutfootage.com info@buyoutfootage.com orders@buyoutfootage.com
buyvia.com info@buyvia.com
bydleniprokazdeho.cz info@bydleniprokazdeho.cz obchod@bydleniprokazdeho.cz
cabeloafro.com.br contato@cabeloafro.com.br
cad.com.mx webmaster@cad.com.mx
cagdasses.com info@cagdasses.com
canalenergia.com.br comercial@canalenergia.com.br gerencia_ti@canalenergia.com.br marketing@canalenergia.com.br postmaster@canalenergia.com.br
careercast.com aapssales@careercast.com ablegradsales@careercast.com builderjobsales@careercast.com eremediasales@careercast.com expatsales@careercast.com helpdesk-cj-web@careercast.com hireaherosales@careercast.com powerjobssales@careercast.com support@careercast.com
placeholder.com admin@placeholder.com email@placeholder.com emailaddress@placeholder.com info@placeholder.com support@placeholder.com
ais.by admin@ais.by info@ais.by
algeriepatriotique.com contact@algeriepatriotique.com
deluxemusic.tv info@deluxemusic.tv kontakt@deluxemusic.tv sales@deluxemusic.tv
eigo-duke.com info@eigo-duke.com
festival-life.com info@festival-life.com
freaktab.com copyright@freaktab.com
gdjyw.com webmaster@gdjyw.com
gschoppe.com contact@gschoppe.com
2810.gr 3dinfo@2810.gr sales@2810.gr
321kochen.tv info@321kochen.tv
419eater.com administrator@419eater.com
881903.com support@881903.com
careercast.com aapssales@careercast.com ablegradsales@careercast.com builderjobsales@careercast.com eremediasales@careercast.com expatsales@careercast.com helpdesk-cj-web@careercast.com hireaherosales@careercast.com powerjobssales@careercast.com support@careercast.com
casesigradini.ro contact@casesigradini.ro
castelloninformacion.com info@castelloninformacion.com
chinesemaster.net info@chinesemaster.net
commerciale.it commerciale@commerciale.it info@commerciale.it
crimeonline.com copyright@crimeonline.com feedback@crimeonline.com privacy@crimeonline.com
cyprusnews.eu info@cyprusnews.eu
designindaba.com advertising@designindaba.com editorial@designindaba.com media@designindaba.com press@designindaba.com
dpp.cz eshop@dpp.cz eshop_admin@dpp.cz informace106@dpp.cz
dvz.de anzeigentechnik@dvz.de kundenservice@dvz.de leserservice@dvz.de redaktion@dvz.de webmaster@dvz.de
economiafinanzas.com contacto@economiafinanzas.com
elle.no post@elle.no
elsouvenir.com comercial@elsouvenir.com contacto@elsouvenir.com
enalquiler.com info@enalquiler.com reservas@enalquiler.com
energyjobline.com editorial@energyjobline.com mail@energyjobline.com sales@energyjobline.com
energypress.gr info@energypress.gr
enerjiportali.com info@enerjiportali.com
etterem.hu info@etterem.hu
farmanddairy.com admin@farmanddairy.com advertising@farmanddairy.com editor@farmanddairy.com editorial@farmanddairy.com webmaster@farmanddairy.com
ferramentaonline.com abuse@ferramentaonline.com customercare@ferramentaonline.com
flyingsolo.com.au help@flyingsolo.com.au support@flyingsolo.com.au
forstpraxis.de info@forstpraxis.de
galinos.gr info@galinos.gr office@galinos.gr
gocit.vn admin@gocit.vn info@gocit.vn
gtmarket.ru info@gtmarket.ru
haber365.com.tr info@haber365.com.tr nbilgier@haber365.com.tr
heathrow-airport-guide.co.uk support@heathrow-airport-guide.co.uk
homefinder.ca feedback@homefinder.ca info@homefinder.ca
hotfrog.com.au enquiries@hotfrog.com.au legal@hotfrog.com.au
iconeye.com admin@iconeye.com contact@iconeye.com sales@iconeye.com
immmo.at support@immmo.at
immobilien.net info@immobilien.net marketing@immobilien.net support@immobilien.net
immomorgen.de immosupport@immomorgen.de
immonet.de info@immonet.de iphone@immonet.de marketing@immonet.de presse@immonet.de softwaresupport@immonet.de software-support@immonet.de support@immonet.de
immoregion.fr marketing@immoregion.fr support@immoregion.fr
immosuchmaschine.at kontakt@immosuchmaschine.at
immotop.lu info@immotop.lu support@immotop.lu
industrytap.com newsletter@industrytap.com
investordaily.com.au editor@investordaily.com.au info@investordaily.com.au support@investordaily.com.au
iproperty.com.my career@iproperty.com.my info@iproperty.com.my
iwanna.com cpressley@iwanna.com support@iwanna.com webmaster@iwanna.com
jornalcontabil.com.br info@jornalcontabil.com.br vendas@jornalcontabil.com.br webmaster@jornalcontabil.com.br
kanali6.com.cy 20info@kanali6.com.cy info@kanali6.com.cy marketing@kanali6.com.cy studio@kanali6.com.cy
kankyo-business.jp info@kankyo-business.jp
kmeta.bg office@kmeta.bg
lbar.com info@lbar.com webmaster@lbar.com
let.ie enquiry@let.ie info@let.ie sales@let.ie support@let.ie
lift-online.de info@lift-online.de
lirealtor.com info@lirealtor.com
logisticsmanager.com info1@logisticsmanager.com
logistik-heute.de redaktion@logistik-heute.de
luben.tv mail@luben.tv
lugarcerto.com.br atendimento@lugarcerto.com.br
lunchtime.com.au info@lunchtime.com.au
lyonpoleimmo.com contact@lyonpoleimmo.com
machimachi.com support@machimachi.com
mainichigahakken.net customer@mainichigahakken.net shop-customer@mainichigahakken.net
manufacturer.com contact@manufacturer.com contactname@manufacturer.com info@manufacturer.com sales@manufacturer.com
marktundmittelstand.de aboservice@marktundmittelstand.de redaktion@marktundmittelstand.de
masoncontractors.org info@masoncontractors.org newsletter@masoncontractors.org
mediastudio.co.th info@mediastudio.co.th
megasavings.net orders@megasavings.net
meinleipzig.eu support@meinleipzig.eu
meteored.com.py info@meteored.com.py
microskiff.com admin@microskiff.com customerservice@microskiff.com
mlg.com info@mlg.com
modesettravaux.fr webmaster.@modesettravaux.fr webmaster@modesettravaux.fr
mojasvadba.sk info@mojasvadba.sk obchod@mojasvadba.sk privacy@mojasvadba.sk
montaencanta.com.br 76atendimento@montaencanta.com.br atendimento@montaencanta.com.br contato@montaencanta.com.br x3eatendimento@montaencanta.com.br
motorcyclephilippines.com 20webmaster@motorcyclephilippines.com webmaster@motorcyclephilippines.com
mourjan.com support@mourjan.com
mundodomarketing.com.br marketing@mundodomarketing.com.br newsletter@mundodomarketing.com.br
myhome.ie enquiries@myhome.ie info@myhome.ie newsletter@myhome.ie privacy@myhome.ie support@myhome.ie
nadjidom.com info@nadjidom.com marketing@nadjidom.com
naturli.dk info@naturli.dk redaktion@naturli.dk redaktionen@naturli.dk
novostavby.sk info@novostavby.sk kontakt@novostavby.sk
nuoviconcorsi.it info@nuoviconcorsi.it supporto@nuoviconcorsi.it
o-uccino.jp customer@o-uccino.jp dr.contact@o-uccino.jp info@o-uccino.jp privacy@o-uccino.jp question@o-uccino.jp support_chintai@o-uccino.jp
omladnut.sk info@omladnut.sk
outdoorsfirst.com info@outdoorsfirst.com
overdriveonline.com editorial@overdriveonline.com



poenta.co.il admin@poenta.co.il
portalgsti.com.br 76contato@portalgsti.com.br contato@portalgsti.com.br x3econtato@portalgsti.com.br
portaltailandia.com contato@portaltailandia.com
portat.ru admin@portat.ru
portcalls.com info@portcalls.com
poskod.com admin@poskod.com
postalmag.com contact@postalmag.com
postawnaswoim.pl kontakt@postawnaswoim.pl
posvetu.si admin@posvetu.si info@posvetu.si
powerofpositivity.com info@powerofpositivity.com
powiatsuski24.pl kontakt@powiatsuski24.pl
poziadavka.sk info@poziadavka.sk webmaster@poziadavka.sk
printfriendly.com support@printfriendly.com
prj-exp.ru admin@prj-exp.ru
prodajapasa.com marketing@prodajapasa.com office@prodajapasa.com
proinos-typos.gr info@proinos-typos.gr
projecttimes.com editor@projecttimes.com info@projecttimes.com support@projecttimes.com
promotionmaroc.com abuse@promotionmaroc.com admin@promotionmaroc.com info@promotionmaroc.com sales@promotionmaroc.com webmaster@promotionmaroc.com
propertyadsja.com admin@propertyadsja.com
protoolsproduction.com admin@protoolsproduction.com
proyectosnicaragua.com info@proyectosnicaragua.com
publiboda.com comercial@publiboda.com informacion@publiboda.com sales@publiboda.com
puertas-euro-block.com info@puertas-euro-block.com
qataronlinedirectory.com info@qataronlinedirectory.com
quantri.vn info@quantri.vn youremail@quantri.vn
quoifaireenfamille.com info@quoifaireenfamille.com
radioparty.ru admin@radioparty.ru
rakuya.com.tw contact@rakuya.com.tw
ramalan-bintang.com contact@ramalan-bintang.com
rascenki.com.ua admin@rascenki.com.ua
realhit.cz helpdesk@realhit.cz info@realhit.cz obchod@realhit.cz
recyclingcenters.org admin@recyclingcenters.org
redproteger.com.ar webmaster@redproteger.com.ar
redvoznje.net office@redvoznje.net
regexlab.com support@regexlab.com webmaster@regexlab.com
regionplzen.cz info@regionplzen.cz
rehberalem.com info@rehberalem.com
rem-tv.net support@rem-tv.net
removalreviews.co.uk info@removalreviews.co.uk
rentdigs.com support@rentdigs.com
repertuarim.com info@repertuarim.com
replay.az admin@replay.az info@replay.az
resheba.com admin@resheba.com
resi.co.id info@resi.co.id
restaurantengine.com info@restaurantengine.com support@restaurantengine.com
retailserbia.com info@retailserbia.com
reussirmesetudes.fr contact@reussirmesetudes.fr
revistaseguridadminera.com marketing@revistaseguridadminera.com
rionoteatro.com.br contato@rionoteatro.com.br newsletter@rionoteatro.com.br
riverflot.ru info@riverflot.ru
rizedeyiz.com iletisim@rizedeyiz.com info@rizedeyiz.com
rmcafe.jp info@rmcafe.jp
rmim.com.tw info@rmim.com.tw
rostov-transport.info mail@rostov-transport.info
ruhsalyasam.com info@ruhsalyasam.com
rynekinwestycji.pl info@rynekinwestycji.pl
s3bank.ru info@s3bank.ru
saf.co.il admin@saf.co.il
sagrepiemonte.it info@sagrepiemonte.it privacy@sagrepiemonte.it
sammars.biz info@sammars.biz
samplewords.com info@samplewords.com
samstroy.com contact@samstroy.com info@samstroy.com
samsungazetesi.com info@samsungazetesi.com
sanpaolo.or.jp shop@sanpaolo.or.jp
santechnik.org.ua webmaster@santechnik.org.ua
saocaetanodigital.com.br contato@saocaetanodigital.com.br
satv.tv info@satv.tv support@satv.tv
scanurl.net support.privacypolicy@scanurl.net support389@scanurl.net support705@scanurl.net support826@scanurl.net
schweizer-fn.de webmaster@schweizer-fn.de
seacargotracking.net support@seacargotracking.net
secondhand-catering-equipment.co.uk admin@secondhand-catering-equipment.co.uk
seeklogo.net info@seeklogo.net
sekernet.co.il admin@sekernet.co.il jobs@sekernet.co.il support@sekernet.co.il
selectelement.ru mail@selectelement.ru
semioffice.com info@semioffice.com semioffice.com@gmail.com support@semioffice.com
sengoku-g.net info@sengoku-g.net
sentiers-en-france.eu info@sentiers-en-france.eu
shahar.uz info@shahar.uz
shahedpress.com info@shahedpress.com
sheger.net info@sheger.net
shoninsha.co.jp info@shoninsha.co.jp
siciliatv.org info@siciliatv.org webmaster@siciliatv.org
sieveonline.it info@sieveonline.it
simdunyasi.com info@simdunyasi.com
sinritest.com info@sinritest.com
sitecontabil.com.br atendimento3@sitecontabil.com.br contato@sitecontabil.com.br emaildocliente@sitecontabil.com.br financeiro@sitecontabil.com.br financeiro2@sitecontabil.com.br financeiro3@sitecontabil.com.br financeiro4@sitecontabil.com.br
size.name info@size.name
skyblock.net support@skyblock.net
slideshare.vn info@slideshare.vn
smallbizclub.com cservice@smallbizclub.com editor@smallbizclub.com mailoptout@smallbizclub.com
smart-center.ru info@smart-center.ru
smartinvestment.in info@smartinvestment.in
snapito.com support@snapito.com
sobremesa.es contacto@sobremesa.es
socialetic.com info@socialetic.com
sockshype.com info@sockshype.com
solarey.net press@solarey.net
solucionesespeciales.net info@solucionesespeciales.net
sosconsumidor.com.br contato@sosconsumidor.com.br editores@sosconsumidor.com.br
spaf-mega.ru support@spaf-mega.ru
spanishchecker.com mail@spanishchecker.com
spanishpropertyinsight.com info@spanishpropertyinsight.com
sparkplug-crossreference.com info@sparkplug-crossreference.com sales@sparkplug-crossreference.com
speedtest.cn ssupport@speedtest.cn support@speedtest.cn
spmais.com.br contato@spmais.com.br
srbobran.net admin@srbobran.net office@srbobran.net
standby.dk sales@standby.dk
startupbizhub.com info@startupbizhub.com
staticstools.eu info@staticstools.eu
stormersite.com info@stormersite.com
strahovkunado.ru info@strahovkunado.ru mail@strahovkunado.ru
stranger.se info@stranger.se
strazacki.pl biuro@strazacki.pl sklep@strazacki.pl
strengthlevel.com support@strengthlevel.com
stroimdom.com.ua admin@stroimdom.com.ua contact@stroimdom.com.ua
stroy-technics.ru admin@stroy-technics.ru
stroysmeta.com.ua admin@stroysmeta.com.ua
stzgd.de info@stzgd.de
sulrevendas.com.br sulrevendas@sulrevendas.com.br
sumai-dendo.jp info@sumai-dendo.jp
supernamai.lt admin@supernamai.lt info@supernamai.lt
superyachtfan.com info@superyachtfan.com
sustainablesources.com mailman@sustainablesources.com
svarka-master.ru info@svarka-master.ru
cine-dome.fr contact@cine-dome.fr
huskerboard.com 20admin@huskerboard.com admin@huskerboard.com
jmpeltier.com 20mail@jmpeltier.com mail@jmpeltier.com
kdramastars.com info@kdramastars.com webmaster@kdramastars.com
kidsonaplane.com editor@kidsonaplane.com
kissfmuk.com editor@kissfmuk.com
kpopdrama.info info@kpopdrama.info
loveradio.com.ph info@loveradio.com.ph privacy@loveradio.com.ph
magic.co.uk feedback@magic.co.uk
majestic-compiegne.fr contact@majestic-compiegne.fr
marieclaire.nl marketing@marieclaire.nl
mediums.es webmaster@mediums.es
missmalini.com info@missmalini.com shop@missmalini.com
mocah.org info@mocah.org
moviefanatic.com admin@moviefanatic.com copyright@moviefanatic.com webmaster@moviefanatic.com
nawa3em.com info@nawa3em.com
nightclub.com info@nightclub.com reservations@nightclub.com
ntvbd.com feedback@ntvbd.com info@ntvbd.com jobs@ntvbd.com onlinemarketing@ntvbd.com socialmedia@ntvbd.com techinfo@ntvbd.com
setif.info contact@setif.info
siechnice.com.pl admin@siechnice.com.pl kontakt@siechnice.com.pl
sinemalar.com info@sinemalar.com
sonixgvn.net admin@sonixgvn.net
startv.com.tr info@startv.com.tr posta.begum.tascakir@startv.com.tr webadmin@startv.com.tr webmaster@startv.com.tr
trt.net.tr bilgiedinme@trt.net.tr bilgilendirme@trt.net.tr e-postaavrupavizyonu@trt.net.tr info@trt.net.tr infobel@trt.net.tr muzik.iletisim@trt.net.tr trtmuzikkanal.iletisim@trt.net.tr trtsales@trt.net.tr webmaster@trt.net.tr
tv-tokyo.co.jp info-bf2016@tv-tokyo.co.jp txid-support@tv-tokyo.co.jp webmaster@tv-tokyo.co.jp
virginradio.co.uk feedback@virginradio.co.uk press.releases@virginradio.co.uk
webdesignledger.com info@webdesignledger.com
ytti.de kontakt@ytti.de
autodeclics.com contact@autodeclics.com
autoforum.be webmaster@autoforum.be
automobili.hr kontakt@automobili.hr
cheki.co.ug info@cheki.co.ug
cheki.com.gh info@cheki.com.gh
cheki.com.ng customerservice@cheki.com.ng info@cheki.com.ng
completecar.ie team@completecar.ie
l-bike.com info@l-bike.com
mobil123.com editors@mobil123.com jobs@mobil123.com marketing@mobil123.com
noticiasautomotivas.com.br 3acontato@noticiasautomotivas.com.br contato@noticiasautomotivas.com.br
planet-9.com webmaster@planet-9.com
planetminis.com support@planetminis.com
recordtv.com.br comercial@recordtv.com.br
soundingsonline.com webmaster@soundingsonline.com
beautyeditor.ca info@beautyeditor.ca information@beautyeditor.ca
larecherche.it informazioni@larecherche.it postmaster@larecherche.it
akcijeikatalozi.rs info@akcijeikatalozi.rs
bsnlteleservices.com help@bsnlteleservices.com
ekkofilm.dk sekretariat@ekkofilm.dk
entameclip.com info@entameclip.com recruit@entameclip.com
1043thefan.com webmaster@1043thefan.com
925maxima.com webmaster@925maxima.com
contemporaryartdaily.com info@contemporaryartdaily.com office@contemporaryartdaily.com
hibiki-radio.jp idolmaster@hibiki-radio.jp r-info@hibiki-radio.jp
kiddnation.com info@kiddnation.com mail@kiddnation.com



szroty.pl info@szroty.pl
szuperinfo.hu kszinfo@szuperinfo.hu szabolcsinfo@szuperinfo.hu szuperinfo@szuperinfo.hu
talkingtrendo.com contactus@talkingtrendo.com customercare@talkingtrendo.com
taxi-rechner.de contact@taxi-rechner.de info@taxi-rechner.de kontakt@taxi-rechner.de
tebernuskirecci.com.tr info@tebernuskirecci.com.tr
techarena.co.ke info@techarena.co.ke
techkhoji.com contact@techkhoji.com
techmario.com info@techmario.com
techmoran.com editor@techmoran.com info@techmoran.com sales@techmoran.com
technologie-budowlane.com info@technologie-budowlane.com
teedin108.com contact@teedin108.com
tehne.com info@tehne.com
tekstovipesama.net kontakt@tekstovipesama.net
telemia.it amministrazione@telemia.it commerciale@telemia.it info@telemia.it staff@telemia.it
telepesquisa.com comercial@telepesquisa.com
textfx.co contact@textfx.co
textiletoday.com.bd contact@textiletoday.com.bd info@textiletoday.com.bd
the-saudi.net kg-inforeq@the-saudi.net saudi-business-center@the-saudi.net webmaster@the-saudi.net
thebrandingjournal.com contact@thebrandingjournal.com
thebrazilbusiness.com info@thebrazilbusiness.com
theengineeringprojects.com help@theengineeringprojects.com info@theengineeringprojects.com support@theengineeringprojects.com
thefurnaceoutlet.com contact@thefurnaceoutlet.com help@thefurnaceoutlet.com info@thefurnaceoutlet.com
theins.ru editor@theins.ru
thejapanguy.com support@thejapanguy.com
theplanetstoday.com info@theplanetstoday.com
thinkglink.com info@thinkglink.com questions@thinkglink.com
tide736.net webmaster@tide736.net
tinboats.net admin@tinboats.net
tiny-houses.de info@tiny-houses.de
tiropratico.com info@tiropratico.com staff@tiropratico.com webmaster@tiropratico.com
tiznit24.com contact@tiznit24.com
todaysplans.com info@todaysplans.com
tokumoni.jp shop@tokumoni.jp
tonga-soa.com contact@tonga-soa.com webmaster@tonga-soa.com
tooli.co.kr admin@tooli.co.kr
topcom.lt info@topcom.lt
tospitakimou.gr info@tospitakimou.gr
toutpourchanger.com contact@toutpourchanger.com
townpost.ca contact@townpost.ca
toxrima.gr info@toxrima.gr
transitocordoba.com info@transitocordoba.com
transportguru.in info@transportguru.in
troymedia.com editorial@troymedia.com mediarelease@troymedia.com troymedia@troymedia.com
tugatech.com.pt contacto@tugatech.com.pt host+jobs@tugatech.com.pt
tunagate.com support@tunagate.com
tunisiesoir.com contact@tunisiesoir.com
turizmhaberleri.com info@turizmhaberleri.com
turkchem.net sales@turkchem.net
tusciafisco.it info@tusciafisco.it
tutallerdebricolaje.com contacto@tutallerdebricolaje.com
tuttostranieri.org info@tuttostranieri.org
ugyved.net info@ugyved.net
universimmo.com webmaster@universimmo.com
upodn.com admin@upodn.com
urbanhome.ch info@urbanhome.ch
usroasterie.com sales@usroasterie.com
utibeetim.com info@utibeetim.com
v-front.de info@v-front.de
v-ys.com info@v-ys.com
vagasempregosrn.com.br contato@vagasempregosrn.com.br
vagasfloripa.com.br contato@vagasfloripa.com.br
vagasurgentes.net contato@vagasurgentes.net
valeur.com info@valeur.com
vallalkozas-okosan.hu info@vallalkozas-okosan.hu
vash-remontik.ru admin@vash-remontik.ru
vcsdata.com billing@vcsdata.com mailresume@vcsdata.com sales@vcsdata.com
verangola.net info@verangola.net
vestniktm.com contact@vestniktm.com
viajaenmetro.com.mx info@viajaenmetro.com.mx informes@viajaenmetro.com.mx
viciodemenina.com.br contato@viciodemenina.com.br
vindale.com abuse@vindale.com advertisers@vindale.com bizdev@vindale.com privacy@vindale.com support@vindale.com
virtualrailfan.com sales@virtualrailfan.com support@virtualrailfan.com
visavis.com.ar info@visavis.com.ar
visualset.com.br atendimento@visualset.com.br contato@visualset.com.br suporte@visualset.com.br suporters@visualset.com.br
visurnet.com info@visurnet.com
vivre-en-thailande.com contact@vivre-en-thailande.com
loveradio.gr info@loveradio.gr studio@loveradio.gr
opb.org 20webstaff@opb.org audience_services@opb.org legal@opb.org volunteer@opb.org webmaster@opb.org webstaff@opb.org
playbillstore.com customerservice@playbillstore.com orders@playbillstore.com
radiooberhausen.de hoererpost@radiooberhausen.de redaktion@radiooberhausen.de
radios.com.ec info@radios.com.ec
salue.de media@salue.de redaktion@salue.de
television.com.ar info@television.com.ar mails@television.com.ar
tsuri-kahoku.jp contact@tsuri-kahoku.jp
wciu.com info@wciu.com
zagorje.com mufodesign@zagorje.com
zinecultural.com contato@zinecultural.com
autotitre.com newsletter@autotitre.com
indycar.com legal@indycar.com ukoffice@indycar.com
leisureshopdirect.com customer.services@leisureshopdirect.com orders@leisureshopdirect.com sales@leisureshopdirect.com
newkuban.ru info@newkuban.ru
saudisale.com info@saudisale.com
veteranapro.hu info@veteranapro.hu
vitalmx.com advertising@vitalmx.com
zwischengas.com copyright@zwischengas.com kontakt@zwischengas.com support@zwischengas.com
cosmeticsandtoiletries.com customerservice@cosmeticsandtoiletries.com
architecturaldesigns.com info@architecturaldesigns.com
aruodas.lt info@aruodas.lt
byty.sk kontakt@byty.sk
cnbcarabia.com admindept@cnbcarabia.com contact@cnbcarabia.com hrmail@cnbcarabia.com sales@cnbcarabia.com
fiestas.net info@fiestas.net
foreign-trade.com admin@foreign-trade.com
imoti.com office@imoti.com
institutional-money.com office@institutional-money.com
international-adviser.com info@international-adviser.com
marketingdonut.co.uk editor@marketingdonut.co.uk info@marketingdonut.co.uk
marketsmedia.com info@marketsmedia.com
metalbulletin.com 3amarketing@metalbulletin.com admin@metalbulletin.com advertise@metalbulletin.com contact-jobs@metalbulletin.com editorial@metalbulletin.com enquiries@metalbulletin.com help@metalbulletin.com marketing@metalbulletin.com sales@metalbulletin.com support@metalbulletin.com
mycustomer.com advertising@mycustomer.com contact@mycustomer.com customer@mycustomer.com editor@mycustomer.com help@mycustomer.com itserversupport@mycustomer.com member-services@mycustomer.com
nadlan.com info@nadlan.com sale@nadlan.com support@nadlan.com
debaser.it editors@debaser.it info@debaser.it privacy@debaser.it staff@debaser.it
europaplustv.com info@europaplustv.com
flog.pl kontakt@flog.pl
geralinks.com contato@geralinks.com
gucomics.com advertise@gucomics.com
canal79tv.com.ar comercial@canal79tv.com.ar ga_value_comercial@canal79tv.com.ar
checkesnfree.com contact@checkesnfree.com
ciframelodica.com.br contato@ciframelodica.com.br
cifrasdeviola.com.br contato@cifrasdeviola.com.br
cinemauae.com support@cinemauae.com
cinemex.com info@cinemex.com
clclt.com marketing@clclt.com
conlosninosenlamochila.com info@conlosninosenlamochila.com
hallyusg.net enquiries@hallyusg.net
henleystandard.co.uk emailletters@henleystandard.co.uk mail@henleystandard.co.uk webadmin@henleystandard.co.uk
heroeswiki.com admin@heroeswiki.com hostmaster@colynx.com
hiphop4real.com contact@hiphop4real.com
iatronet.gr sales@iatronet.gr
ii-nami.com info@ii-nami.com
innemedium.pl kontakt@innemedium.pl
iszczecinek.pl biuro@iszczecinek.pl kontakt@iszczecinek.pl
jdwel.com contact@jdwel.com info@jdwel.com
joannaroga.pl kontakt@joannaroga.pl
kanald.com.tr editor@kanald.com.tr info@kanald.com.tr postmaster@kanald.com.tr sales@kanald.com.tr
kapook.com marketing@kapook.com webmaster@kapook.com
katalogmonet.pl info@katalogmonet.pl
kinomaniak.pl admin@kinomaniak.pl biuro@kinomaniak.pl
laopera.net info@laopera.net
lazca.org 20info@lazca.org info@lazca.org
lifestyle.com.au feedback@lifestyle.com.au
lokercirebon.com admin@lokercirebon.com
make-everything-ok.com feedback@make-everything-ok.com
makesweet.com support@makesweet.com
mallebz.net info@mallebz.net jobs@mallebz.net
manime.de advertising@manime.de redaktion@manime.de
mediastinger.com contact@mediastinger.com
midi.cz info@midi.cz
mixnoticias.com.br contato@mixnoticias.com.br
mowicpopolsku.com info@mowicpopolsku.com
mp3gospel.org admin@mp3gospel.org
mur3.com administrador@mur3.com administrdor@mur3.com
museum.or.jp office@museum.or.jp tioffice@museum.or.jp
mutualfunds.com contact@mutualfunds.com webmaster@mutualfunds.com
muzikbuldum.com iletisim@muzikbuldum.com
nabaladadf.com.br contato@nabaladadf.com.br
nadmorski24.pl info@nadmorski24.pl
nbcthevoice.com help@nbcthevoice.com info@nbcthevoice.com webmaster@nbcthevoice.com
nenerede.com.tr info@nenerede.com.tr
netti-tv.net info@netti-tv.net
neuropsicomotricista.it info@neuropsicomotricista.it
newretrowave.com info@newretrowave.com legal@newretrowave.com
nj24.pl marketing@nj24.pl
nogomi.com contact@nogomi.com
nukethefridge.com info@nukethefridge.com
nwm-tv.de mail@nwm-tv.de redaktion@nwm-tv.de
obastan.com support@obastan.com
park4night.com contact@park4night.com
pipa.jp info@pipa.jp
potomitan.info webmaster@potomitan.info
prankdial.com advertising@prankdial.com support@prankdial.com
prixdubaril.com root@prixdubaril.com
puregrainaudio.com mail@puregrainaudio.com
radio.at kontakt@radio.at support@radio.at
radioonline.vn info@radioonline.vn
radios.co.ve info@radios.co.ve
radios.hn info@radios.hn
radiotuner.jp info@radiotuner.jp
rmf.fm support@rmf.fm webmaster@rmf.fm
rockntech.com.br comercial@rockntech.com.br contato@rockntech.com.br
rocksound.tv copyright@rocksound.tv shop@rocksound.tv
salsa-und-tango.de redaktion@salsa-und-tango.de
selfbuild.ie accounts@selfbuild.ie info@selfbuild.ie
sfoghiamoci.com privacy@sfoghiamoci.com
shockmansion.com contact@shockmansion.com customerservice@shockmansion.com orders@shockmansion.com
silverbirdtv.com info@silverbirdtv.com
spottedfashion.com contact-us@spottedfashion.com
starsontv.com jobs@starsontv.com nwebmaster@starsontv.com webmaster@starsontv.com
startkabel.nl helpdesk@startkabel.nl info@startkabel.nl support@startkabel.nl
statsheep.com marketing@statsheep.com
superrtl.de clubnewsletter@superrtl.de info@superrtl.de kontakt@superrtl.de pressezentrum@superrtl.de zuschauerinfo@superrtl.de
ticketnet.com.ph marketing@ticketnet.com.ph
topdust.com privacy@topdust.com
tvbraniewo24.pl kontakt@tvbraniewo24.pl
tvtv.ch technik@tvtv.ch
tvtv.de technik@tvtv.de
twojezaglebie.pl sekretariat@twojezaglebie.pl
vandelaydesign.com contact@vandelaydesign.com info@vandelaydesign.com marketing@vandelaydesign.com
videacesky.cz info@videacesky.cz
flytimer.ru support@flytimer.ru
gettinlow.com info@gettinlow.com
horariodebrasilia.com.br contato@horariodebrasilia.com.br
iamabiker.com editor@iamabiker.com info@iamabiker.com
moto.kiev.ua info@moto.kiev.ua
motonline.com.br atendimentopj@motonline.com.br comercial@motonline.com.br editor@motonline.com.br webmaster@motonline.com.br
motosvet.com info@motosvet.com marketing@motosvet.com
motox.com.pl admin@motox.com.pl biuro@motox.com.pl sklep@motox.com.pl
mx2k.com info@mx2k.com shop@mx2k.com
nexia-club.ru support@nexia-club.ru
oto-hui.com dcma.copyright@oto-hui.com info@oto-hui.com media@oto-hui.com support@oto-hui.com webmaster@oto-hui.com
otomotifzone.com info@otomotifzone.com
pakshowbiz.com info@pakshowbiz.com
r3owners.net webmaster@r3owners.net
rally.it info@rally.it
sanekua.ru webmaster@sanekua.ru
socarrao.com.br socialmedia@socarrao.com.br
standvirtual.com webmaster@standvirtual.com
temusados.com.br comercialmg@temusados.com.br
tuning1.com sklep@tuning1.com
eva.ro contact@eva.ro shop@eva.ro
portaltattoo.ru admin@portaltattoo.ru
zonatattoos.com webmaster@zonatattoos.com
anobii.com contact@anobii.com help@anobii.com publishers@anobii.com
dumatin.fr contact@dumatin.fr
vashortoped.com mail@vashortoped.com
accommodationtimes.com career@accommodationtimes.com editor@accommodationtimes.com info@accommodationtimes.com
airlive.net contact@airlive.net
alltopstartups.com advertising@alltopstartups.com
amarillas.bo gerenciachile@amarillas.bo info@amarillas.bo soporte@amarillas.bo
aparecidaliberato.com.br contato@aparecidaliberato.com.br secretaria@aparecidaliberato.com.br suporte@aparecidaliberato.com.br
apnatoronto.com admin@apnatoronto.com info@apnatoronto.com
app-sales.net info@app-sales.net
atradau.lt info@atradau.lt
bizmove.com contact@bizmove.com webmaster@bizmove.com
boligmagasinet.dk post@boligmagasinet.dk
buggybuddys.com.au contactus@buggybuddys.com.au
burda.pl kontakt@burda.pl
burkina24.com info@burkina24.com marketing@burkina24.com
business-on.de chefredaktion@business-on.de info@business-on.de presse.hamburg@business-on.de presse.saarlorlux@business-on.de presse@business-on.de presse-owl@business-on.de redaktion@business-on.de sales@business-on.de
calcuttayellowpages.com admin@calcuttayellowpages.com marketing@calcuttayellowpages.com
peoplemanagement.co.uk editorial@peoplemanagement.co.uk recruitment@peoplemanagement.co.uk
pleinevie.fr webmaster@pleinevie.fr
championchipnorte.com administracion@championchipnorte.com comercial@championchipnorte.com info@championchipnorte.com soporte@championchipnorte.com
codiceiban.it info@codiceiban.it
codziennypoznan.pl biuro@codziennypoznan.pl kontakt24@codziennypoznan.pl marketing@codziennypoznan.pl sklep@codziennypoznan.pl
corporate-cases.com admin@corporate-cases.com
corporateofficeheadquarters.com contact@corporateofficeheadquarters.com
domestiko.com contacto@domestiko.com info@domestiko.com
e-mieszkanie.pl newsletter@e-mieszkanie.pl
ecoregional.com.br atendimento@ecoregional.com.br comercial@ecoregional.com.br vendas@ecoregional.com.br
ecycle.com.br vendas@ecycle.com.br
empregospernambuco.com.br contato@empregospernambuco.com.br
energie-fachberater.de info@energie-fachberater.de presse@energie-fachberater.de
enggcyclopedia.com admin@enggcyclopedia.com
engramm.su admin@engramm.su support@engramm.su
equapio.com kontakt@equapio.com
espace-entreprises.com contact@espace-entreprises.com
estatesales.org estatesales@estatesales.org press@estatesales.org support@estatesales.org
estrategiamagazine.com info@estrategiamagazine.com
etransport.pl admin@etransport.pl help@etransport.pl newsletter@etransport.pl
event.ru editor@event.ru
funeral.com support@funeral.com
futboltenerife.com contacto@futboltenerife.com
garage-sb.de info@garage-sb.de support@garage-sb.de
genealogiasdecolombia.co contactenos@genealogiasdecolombia.co
hitched.co.uk admin@hitched.co.uk customer.service@hitched.co.uk
hungryhuman.co.uk info@hungryhuman.co.uk
idioms4you.com admin@idioms4you.com
interferencetechnology.com info@interferencetechnology.com
kaminholz-wissen.de info@kaminholz-wissen.de
kampanjveckan.se post@kampanjveckan.se
kobieceporady.pl kontakt@kobieceporady.pl
lavoripubblici.it amministrazione@lavoripubblici.it customercare@lavoripubblici.it editore@lavoripubblici.it help@lavoripubblici.it press@lavoripubblici.it webmaster@lavoripubblici.it
localads.pk admin@localads.pk
locservice.fr contact@locservice.fr
lyonplus.com info@lyonplus.com lypinfo@lyonplus.com
manilatouch.com admin@manilatouch.com
mercadillosemanal.com info@mercadillosemanal.com
messen.de info@messen.de presse@messen.de
mingluji.com webmaster@mingluji.com
mjdma.org admin@mjdma.org exports@mjdma.org
modrykonik.sk info@modrykonik.sk u003ezakaznici@modrykonik.sk zakaznici@modrykonik.sk zakaznik@modrykonik.sk
montpellier.aeroport.fr info.aeroport@montpellier.aeroport.fr info@montpellier.aeroport.fr u003ewebmaster@montpellier.aeroport.fr webmaster@montpellier.aeroport.fr
morelianas.com contacto@morelianas.com ventas@morelianas.com
motormouth.com.au advertising@motormouth.com.au contactus@motormouth.com.au feedback@motormouth.com.au media@motormouth.com.au privacy@motormouth.com.au sales@motormouth.com.au
newtrade.com.br vinotech@newtrade.com.br
norisanto.com admin@norisanto.com
noticiasmultinivel.com info@noticiasmultinivel.com
ornox.fr admin@ornox.fr contact@ornox.fr
osp.pl kontakt@osp.pl
pakkesporing.no webmaster@pakkesporing.no
pharmindex.ru info@pharmindex.ru
pixelstech.net admin@pixelstech.net info@pixelstech.net
platy.cz info@platy.cz obchod@platy.cz
platy.sk info@platy.sk obchod@platy.sk
powermix.com.br atendimento@powermix.com.br
press.co.nz ad.sales@press.co.nz adsales@press.co.nz editor@press.co.nz editorial@press.co.nz news.sales@press.co.nz recruitment@press.co.nz
prian.ru admin@prian.ru editor@prian.ru info@prian.ru
profi.de redaktion@profi.de service@profi.de webmaster@profi.de
propertyfinder.ae abuse@propertyfinder.ae info@propertyfinder.ae marketing@propertyfinder.ae recruitment@propertyfinder.ae sales@propertyfinder.ae support@propertyfinder.ae
propit.it info@propit.it
pultusk24.pl agapress@pultusk24.pl
pymesyautonomos.com contacto@pymesyautonomos.com
quinceanera.com sales@quinceanera.com
rechargenews.com accounts@rechargenews.com editorial@rechargenews.com sales@rechargenews.com
recolorado.com info@recolorado.com marketplace.feedback@recolorado.com marketplace.support@recolorado.com privacy@recolorado.com support@recolorado.com webmaster@metrolist.com
ridester.com media@ridester.com
riliving.com advertising@riliving.com membership@riliving.com webmaster@riliving.com
ringeraja.ba info@ringeraja.ba
rockanddirt.com adinfo@rockanddirt.com
rodo.co.jp info@rodo.co.jp order@rodo.co.jp privacy@rodo.co.jp rsd_info@rodo.co.jp
rumah123.com helpdesk@rumah123.com id.support@rumah123.com marketing@rumah123.com mobile.support@rumah123.com rumah123.support@rumah123.com
ryadel.com staff@ryadel.com
scrapmonster.com editor@scrapmonster.com info@scrapmonster.com membership@scrapmonster.com orders@scrapmonster.com support@scrapmonster.com
seminarjyoho.com info@seminarjyoho.com
solutudo.com.br contato@solutudo.com.br
soumunomori.com support@soumunomori.com
spitogatos.gr info@spitogatos.gr marketing@spitogatos.gr mobile@spitogatos.gr support@spitogatos.gr
squarefoot.com.hk info@squarefoot.com.hk sales@squarefoot.com.hk sf.info@squarefoot.com.hk sf.salesenquiries@squarefoot.com.hk
srbija-nekretnine.org office@srbija-nekretnine.org
superyachttimes.com info@superyachttimes.com
taiwanhot.net service@taiwanhot.net
